fighter,fighter_url
Rafael Fiziev,http://ufcstats.com/fighter-details/c814b4c899793af6
Shara Magomedov,http://ufcstats.com/fighter-details/06734ca9d88dec3a
Matheus Camilo,http://ufcstats.com/fighter-details/72f890c5d421e705
Asu Almabayev,http://ufcstats.com/fighter-details/8d3273573b85be09
Ikram Aliskerov,http://ufcstats.com/fighter-details/b07aed698fba8624
Abus Magomedov,http://ufcstats.com/fighter-details/36b8f265bcd1b7a4
Farman Hasanov,http://ufcstats.com/fighter-details/c88f8a9c1ea7165d
Abdul Rakhman Yakhyaev,http://ufcstats.com/fighter-details/95aff2fd8d09a5f0
Nursulton Ruziboev,http://ufcstats.com/fighter-details/49d2a08964c5eb11
Kaan Ofli,http://ufcstats.com/fighter-details/7facc9c45d792985
Daniil Donchenko,http://ufcstats.com/fighter-details/70dd69b6a703257e
Jean Matsumoto,http://ufcstats.com/fighter-details/ffd3224638c01b57
Tahir Abdullayev,http://ufcstats.com/fighter-details/e047d3b541afd4a7
Manel Kape,http://ufcstats.com/fighter-details/5d1b7e3dd9e11074
Navajo Stirling,http://ufcstats.com/fighter-details/b4b496ec2197ee3e
Christian Rodriguez,http://ufcstats.com/fighter-details/5ec591b78349ba7e
Murtazali Magomedov,http://ufcstats.com/fighter-details/d436f5d55156a521
Vinicius Oliveira,http://ufcstats.com/fighter-details/18d01f7f8338ae72
Kevin Borjas,http://ufcstats.com/fighter-details/34b96d52db1d26e6
Bia Mesquita,http://ufcstats.com/fighter-details/eff9074bc066f0f2
Mitch Raposo,http://ufcstats.com/fighter-details/0be6776db31d98ec
Gaston Bolanos,http://ufcstats.com/fighter-details/96924b0019b3aff1
Levan Chokheli,http://ufcstats.com/fighter-details/a69a7120cf26669d
Luana Santos,http://ufcstats.com/fighter-details/5078e1dacf9d25f4
Shane Collins,http://ufcstats.com/fighter-details/70fc8214822b5a85
Justin Gaethje,http://ufcstats.com/fighter-details/9e8f6c728eb01124
Ciryl Gane,http://ufcstats.com/fighter-details/787bb1f087ccff8a
Sean O'Malley,http://ufcstats.com/fighter-details/b50a426a33da0012
Josh Hokit,http://ufcstats.com/fighter-details/955da1675ad58a50
Mauricio Ruffy,http://ufcstats.com/fighter-details/9c393e836a852f30
Bo Nickal,http://ufcstats.com/fighter-details/35673bf5204524ee
Diego Lopes,http://ufcstats.com/fighter-details/f166e93d04a8c274
Gabriel Bonfim,http://ufcstats.com/fighter-details/01641ba5df0c69b0
Brendan Allen,http://ufcstats.com/fighter-details/2f181c0467965b98
Tom Nolan,http://ufcstats.com/fighter-details/6c3b2525436cf5d4
Bryce Mitchell,http://ufcstats.com/fighter-details/d9c6f19f958643e9
Iwo Baraniewski,http://ufcstats.com/fighter-details/1c23ec2f1b71be40
Alessandro Costa,http://ufcstats.com/fighter-details/3fa97913cfd205d3
Marcus McGhee,http://ufcstats.com/fighter-details/c0ac37a4a1133da9
Edgar Chairez,http://ufcstats.com/fighter-details/5ef94841c4bc3f86
Chelsea Chandler,http://ufcstats.com/fighter-details/af9efbfd63d39734
Joanderson Brito,http://ufcstats.com/fighter-details/791c8437b341fba5
Jeisla Chaves,http://ufcstats.com/fighter-details/8061a3136026a673
Ketlen Souza,http://ufcstats.com/fighter-details/8bd4200561c77a62
Song Yadong,http://ufcstats.com/fighter-details/efb96bf3e9ada36f
Alonzo Menifield,http://ufcstats.com/fighter-details/a495f599e787614f
Sergei Pavlovich,http://ufcstats.com/fighter-details/f14cf73e51b29254
Kai Asakura,http://ufcstats.com/fighter-details/d33da8a3d82bdb62
Jake Matthews,http://ufcstats.com/fighter-details/a845f0735bc67405
Alex Perez,http://ufcstats.com/fighter-details/ab2b4ff41d6ebe0f
Luis Felipe Dias,http://ufcstats.com/fighter-details/33a86e839ad202d8
Jose Souza,http://ufcstats.com/fighter-details/20a0e4cc5227c117
Cody Haddon,http://ufcstats.com/fighter-details/8e6654e9f0461b8f
Rei Tsuruya,http://ufcstats.com/fighter-details/2f43a3e82661fa99
Angela Hill,http://ufcstats.com/fighter-details/f0feeb2192937424
Rodrigo Vera,http://ufcstats.com/fighter-details/2b266e623e20737a
Jaqueline Amorim,http://ufcstats.com/fighter-details/bc7d1ad49fcb2d08
Arnold Allen,http://ufcstats.com/fighter-details/040a74bb0a465c54
Dooho Choi,http://ufcstats.com/fighter-details/e93b04e308913c2e
Juan Diaz,http://ufcstats.com/fighter-details/74939a16c7b56f33
Modestas Bukauskas,http://ufcstats.com/fighter-details/476fe566d2df676e
Benardo Sopaj,http://ufcstats.com/fighter-details/b6c37948cb226e8c
Khaos Williams,http://ufcstats.com/fighter-details/2558ae2e5671e318
Ivan Erslan,http://ufcstats.com/fighter-details/64ad3e3b0efa30bb
Tommy Gantt,http://ufcstats.com/fighter-details/de83f920fd302871
Ketlen Vieira,http://ufcstats.com/fighter-details/b9706f80d005036c
Cody Brundage,http://ufcstats.com/fighter-details/f14f644d41ade29f
Alice Ardelean,http://ufcstats.com/fighter-details/87f8699fdcc2c404
Luis Gurule,http://ufcstats.com/fighter-details/29162be25ebef5f0
Nicolle Caliari,http://ufcstats.com/fighter-details/fc0a4053eb8a3a59
Sean Strickland,http://ufcstats.com/fighter-details/0d8011111be000b2
Joshua Van,http://ufcstats.com/fighter-details/17e97649403ba428
Alexander Volkov,http://ufcstats.com/fighter-details/279566840aa55bf2
Sean Brady,http://ufcstats.com/fighter-details/45f7cb591c3ab00b
King Green,http://ufcstats.com/fighter-details/887961364be5ceb3
Ateba Gautier,http://ufcstats.com/fighter-details/2f815ed5f8278ba6
Yaroslav Amosov,http://ufcstats.com/fighter-details/f139d6836efd43dd
Grant Dawson,http://ufcstats.com/fighter-details/99bd51917728c25d
Jim Miller,http://ufcstats.com/fighter-details/d1941565abf50b16
Roman Kopylov,http://ufcstats.com/fighter-details/9d83f6da776ff7d6
Pat Sabatini,http://ufcstats.com/fighter-details/b8bbdeff718dbb7d
Baisangur Susurkaev,http://ufcstats.com/fighter-details/d1feea7a4bdcd503
Jose Ochoa,http://ufcstats.com/fighter-details/88be62d6c1e6dadb
Carlos Prates,http://ufcstats.com/fighter-details/7ee0fd831c0fe7c3
Quillan Salkilld,http://ufcstats.com/fighter-details/17734443a833cdf7
Steve Erceg,http://ufcstats.com/fighter-details/32ab52e5de93092d
Marwan Rahiki,http://ufcstats.com/fighter-details/6eedb757f13b9978
Brando Pericic,http://ufcstats.com/fighter-details/d0fd0d9ee560dae7
Louie Sutherland,http://ufcstats.com/fighter-details/cdb7b38b1b357f26
Cam Rowston,http://ufcstats.com/fighter-details/8ebc3a8da015d70c
Junior Tafa,http://ufcstats.com/fighter-details/c15fa95b9a12fde4
Jacob Malkoun,http://ufcstats.com/fighter-details/d4270315cbcf2569
Colby Thicknesse,http://ufcstats.com/fighter-details/ed7d329d7c29428d
Wes Schultz,http://ufcstats.com/fighter-details/b4443fae47e7eb9d
Jonathan Micallef,http://ufcstats.com/fighter-details/f782f953bfe7b5f2
Kody Steele,http://ufcstats.com/fighter-details/aebaa8cec15b083d
Aljamain Sterling,http://ufcstats.com/fighter-details/cb696ebfb6598724
Joselyne Edwards,http://ufcstats.com/fighter-details/f9ab66e67240db7b
Rafa Garcia,http://ufcstats.com/fighter-details/e132d47bd9efbbe0
Davey Grant,http://ufcstats.com/fighter-details/113df4fde64735c6
Raoni Barcelos,http://ufcstats.com/fighter-details/b9f28e7045fdfce7
Ryan Spann,http://ufcstats.com/fighter-details/a67f5afa8d6a1b80
Eric McConico,http://ufcstats.com/fighter-details/9508cc6184cb2450
Jackson McVey,http://ufcstats.com/fighter-details/3eeec2f53cebdf12
Michelle Montague,http://ufcstats.com/fighter-details/ca80d72da81d7224
Cody Durden,http://ufcstats.com/fighter-details/7f6ed67d3ed3c036
Francis Marshall,http://ufcstats.com/fighter-details/5d495dec23d7c68e
Victor Valenzuela,http://ufcstats.com/fighter-details/078695e385ec2f57
Talita Alencar,http://ufcstats.com/fighter-details/d35298b6df168456
Mike Malott,http://ufcstats.com/fighter-details/dd6103dd7127db1d
Charles Jourdain,http://ufcstats.com/fighter-details/f1d64ae34e088832
Jai Herbert,http://ufcstats.com/fighter-details/4c88a1db5a46c6a4
Jasmine Jasudavicius,http://ufcstats.com/fighter-details/a9e260472d321361
Gauge Young,http://ufcstats.com/fighter-details/b2a78df161bd67f9
Marcio Barbosa,http://ufcstats.com/fighter-details/c85bad793cd14e28
Robert Valentin,http://ufcstats.com/fighter-details/0cd0456d6029cec2
Gokhan Saricam,http://ufcstats.com/fighter-details/1a97a3ef4c758fae
Melissa Croden,http://ufcstats.com/fighter-details/51e2f44a8dbf6984
JJ Aldrich,http://ufcstats.com/fighter-details/6fd953151d981979
John Castaneda,http://ufcstats.com/fighter-details/5fa2974cbd18e05c
John Yannis,http://ufcstats.com/fighter-details/450bcab0968562c4
Carlos Ulberg,http://ufcstats.com/fighter-details/9014c02eff8b3d62
Paulo Costa,http://ufcstats.com/fighter-details/2e5c2aa8e4ab9d82
Dominick Reyes,http://ufcstats.com/fighter-details/2e19380f34871c6a
Cub Swanson,http://ufcstats.com/fighter-details/d247691a6c0e9034
Aaron Pico,http://ufcstats.com/fighter-details/5537efc6e496dd84
Kevin Holland,http://ufcstats.com/fighter-details/3a46b268013afede
Mateusz Gamrot,http://ufcstats.com/fighter-details/72db2a14ffa73ece
Tatiana Suarez,http://ufcstats.com/fighter-details/b08012bbe542592a
Chris Padilla,http://ufcstats.com/fighter-details/06626b6287e1ae1e
Vicente Luque,http://ufcstats.com/fighter-details/6d4b63c767106d3a
Charles Radtke,http://ufcstats.com/fighter-details/feedf3053472fe56
Renato Moicano,http://ufcstats.com/fighter-details/b6452706b373eea1
Virna Jandiroba,http://ufcstats.com/fighter-details/7dda2cf308f24a02
Ethyn Ewing,http://ufcstats.com/fighter-details/d776b5814f2400b4
Tommy McMillen,http://ufcstats.com/fighter-details/6b0a6def604de298
Jose Delano,http://ufcstats.com/fighter-details/d7c4956d61ae76a9
Thomas Petersen,http://ufcstats.com/fighter-details/764d39074a352e33
Darrius Flowers,http://ufcstats.com/fighter-details/65db4065e2bc107d
Alice Pereira,http://ufcstats.com/fighter-details/81d2c551886bd5a1
Tresean Gore,http://ufcstats.com/fighter-details/147e70aa6cc48cfc
Dione Barbosa,http://ufcstats.com/fighter-details/27b388f0aab49780
Kai Kamaka III,http://ufcstats.com/fighter-details/eee0ef3e2b14816b
Joe Pyfer,http://ufcstats.com/fighter-details/c1085e1701b13eca
Alexa Grasso,http://ufcstats.com/fighter-details/e8b731feff72294b
Michael Chiesa,http://ufcstats.com/fighter-details/c58f51dedb310998
Lerryan Douglas,http://ufcstats.com/fighter-details/640a0f838f057a81
Yousri Belgaroui,http://ufcstats.com/fighter-details/7674b836ce0698a0
Terrance McKinney,http://ufcstats.com/fighter-details/809bd1a871491508
Tofiq Musayev,http://ufcstats.com/fighter-details/ae81a3ac7b260411
Lance Gibson Jr.,http://ufcstats.com/fighter-details/07bc580bdf3eb9c8
Tyrell Fortune,http://ufcstats.com/fighter-details/bc7f4b2d4c2724a2
Casey O'Neill,http://ufcstats.com/fighter-details/04835018f90b118c
Ricky Simon,http://ufcstats.com/fighter-details/5987b2458f4b5290
Alexia Thainara,http://ufcstats.com/fighter-details/545092d13c67aa49
Movsar Evloev,http://ufcstats.com/fighter-details/76e2870ffafbe38f
Luke Riley,http://ufcstats.com/fighter-details/b1de86d835638319
Michael Page,http://ufcstats.com/fighter-details/a67d071163962af8
Christian Leroy Duncan,http://ufcstats.com/fighter-details/a93f94c923c3a9cb
Danny Silva,http://ufcstats.com/fighter-details/d964a59c48381cb6
Mason Jones,http://ufcstats.com/fighter-details/f6ad6a1e4d600e0d
Nathaniel Wood,http://ufcstats.com/fighter-details/329e403448756217
Mario Pinto,http://ufcstats.com/fighter-details/39d309957c5c210d
Mantas Kondratavicius,http://ufcstats.com/fighter-details/3cc506f115cbb9d5
Abdul-Kareem Al-Selwady,http://ufcstats.com/fighter-details/597499ac7a5aac62
Shanelle Dyer,http://ufcstats.com/fighter-details/cfbb3edab781dfd2
Kevin Vallejos,http://ufcstats.com/fighter-details/239d8e5359022f3b
Gillian Robertson,http://ufcstats.com/fighter-details/38c7f72747f4f712
Jose Delgado,http://ufcstats.com/fighter-details/7d6ceff6747f2de2
Ion Cutelaba,http://ufcstats.com/fighter-details/cd13728ae1151f46
Charles Johnson,http://ufcstats.com/fighter-details/814e5233e2acf2ee
Myktybek Orolbai,http://ufcstats.com/fighter-details/bf2c8e01b07d3eb1
Vitor Petrino,http://ufcstats.com/fighter-details/71171fc96445bf65
Elijah Smith,http://ufcstats.com/fighter-details/7478b7f959ba61f5
Manoel Sousa,http://ufcstats.com/fighter-details/5870c541798124ae
Eryk Anders,http://ufcstats.com/fighter-details/cad24459b28592ca
Hecher Sosa,http://ufcstats.com/fighter-details/ec3bd30378d63dd1
Piera Rodriguez,http://ufcstats.com/fighter-details/e375cb5caf4717b6
Charles Oliveira,http://ufcstats.com/fighter-details/07225ba28ae309b6
Caio Borralho,http://ufcstats.com/fighter-details/4126a78111c0855a
Raul Rosas Jr.,http://ufcstats.com/fighter-details/fe2babf95de24fb1
Drew Dober,http://ufcstats.com/fighter-details/519e4fe37ce9ff75
Gregory Rodrigues,http://ufcstats.com/fighter-details/d1c65d2cf2925ddd
Cody Garbrandt,http://ufcstats.com/fighter-details/d8c7c61b176e3994
Donte Johnson,http://ufcstats.com/fighter-details/ad5cb64af10fc946
Alberto Montes,http://ufcstats.com/fighter-details/a112097ad877a48f
Nyamjargal Tumendemberel,http://ufcstats.com/fighter-details/17cb6d8e8187f304
Sumudaerji,http://ufcstats.com/fighter-details/3cf18e01cb6cbde3
Diyar Nurgozhay,http://ufcstats.com/fighter-details/709fadb644ee3f51
Rodolfo Bellato,http://ufcstats.com/fighter-details/69898645d600abdb
Lone'er Kavanagh,http://ufcstats.com/fighter-details/bb2c3c3a466224af
David Martinez,http://ufcstats.com/fighter-details/9a97acbfd5a08bfa
Imanol Rodriguez,http://ufcstats.com/fighter-details/6e8349a0a0476d60
Santiago Luna,http://ufcstats.com/fighter-details/faf317c665546a36
Ryan Gandra,http://ufcstats.com/fighter-details/e463ce0a2ca474f4
Ailin Perez,http://ufcstats.com/fighter-details/06e4245d16fc5315
Cristian Quinonez,http://ufcstats.com/fighter-details/7debc13b36343605
Javier Reyes,http://ufcstats.com/fighter-details/4a574b8512fc1b30
Regina Tarin,http://ufcstats.com/fighter-details/9f5609dba6584ab2
Damian Pinas,http://ufcstats.com/fighter-details/fdd22e895a70e4a8
Uros Medic,http://ufcstats.com/fighter-details/681399317dbf4701
Melquizael Costa,http://ufcstats.com/fighter-details/20bccc9bb4ceb23e
Serghei Spivac,http://ufcstats.com/fighter-details/e2f6b2769aaedd6c
Jacobe Smith,http://ufcstats.com/fighter-details/85497ffd934ecf7e
Michel Pereira,http://ufcstats.com/fighter-details/595db60957de51d3
Carlos Leal,http://ufcstats.com/fighter-details/28d421729451c8ca
Ode Osbourne,http://ufcstats.com/fighter-details/6d68c1afe954f121
Alden Coria,http://ufcstats.com/fighter-details/5e9ca8dd7d783a75
Punahele Soriano,http://ufcstats.com/fighter-details/64facb6cc564262d
Jean-Paul Lebosnoyani,http://ufcstats.com/fighter-details/a3dda21be645be93
Jordan Leavitt,http://ufcstats.com/fighter-details/ac026518a9b4dc0f
Carli Judice,http://ufcstats.com/fighter-details/f1ab6f37492c630a
Mario Bautista,http://ufcstats.com/fighter-details/bc711b6dd95c1af6
Kyoji Horiguchi,http://ufcstats.com/fighter-details/98aa60cf58071fd6
Rizvan Kuniev,http://ufcstats.com/fighter-details/739fd4fbb5d862f4
Michal Oleksiejczuk,http://ufcstats.com/fighter-details/0d65c432720accb9
Farid Basharat,http://ufcstats.com/fighter-details/a09ed60aa67a3f67
Dustin Jacoby,http://ufcstats.com/fighter-details/e4277e87a789d687
Nikolay Veretennikov,http://ufcstats.com/fighter-details/0f1efce7d2571d10
Javid Basharat,http://ufcstats.com/fighter-details/bbab3baf66128ae2
Wang Cong,http://ufcstats.com/fighter-details/2997e7fe3c9d3d4a
Jakub Wiklacz,http://ufcstats.com/fighter-details/6902fcf0610dd303
Klaudia Sygula,http://ufcstats.com/fighter-details/9f5e3c20ce40b344
Alexander Volkanovski,http://ufcstats.com/fighter-details/e1248941344b3288
Benoit Saint Denis,http://ufcstats.com/fighter-details/c2299ec916bc7c56
Tallison Teixeira,http://ufcstats.com/fighter-details/17923f676f100e16
Billy Elekana,http://ufcstats.com/fighter-details/07a74004d964c7f4
Dom Mar Fan,http://ufcstats.com/fighter-details/530af2900b5a1693
Keiichiro Nakamura,http://ufcstats.com/fighter-details/3618e0632ecdba9c
Lawrence Lui,http://ufcstats.com/fighter-details/a1ad35b98a9136e5
Waldo Cortes Acosta,http://ufcstats.com/fighter-details/fc08099550072fe4
Natalia Silva,http://ufcstats.com/fighter-details/262d32ebda89efc4
Jean Silva,http://ufcstats.com/fighter-details/52ef95b5860fb28c
Umar Nurmagomedov,http://ufcstats.com/fighter-details/2b6fc1c02736833d
Nikita Krylov,http://ufcstats.com/fighter-details/1091d4d957141094
Ty Miller,http://ufcstats.com/fighter-details/0859524157a19045
Cezary Oleksiejczuk,http://ufcstats.com/fighter-details/084532da3d25f3b8
Kennedy Nzechukwu,http://ufcstats.com/fighter-details/8667caa0451d245b
Steven Asplund,http://ufcstats.com/fighter-details/e56cee1ad697db04
Guilherme Pat,http://ufcstats.com/fighter-details/ba15006c804a8de0
Jamey-Lyn Horth,http://ufcstats.com/fighter-details/5c637af9472ae7cc
Petr Yan,http://ufcstats.com/fighter-details/d661ce4da776fc20
Tatsuro Taira,http://ufcstats.com/fighter-details/4461d7e47375a895
Payton Talbott,http://ufcstats.com/fighter-details/6e743a33d56bdaa4
Jan Blachowicz,http://ufcstats.com/fighter-details/99df7d0a2a08a8a8
Manuel Torres,http://ufcstats.com/fighter-details/2e7878927067fdca
Chris Duncan,http://ufcstats.com/fighter-details/fd406a32a6fb3a29
Maycee Barber,http://ufcstats.com/fighter-details/6a740daf1b279661
Fares Ziam,http://ufcstats.com/fighter-details/1e4f273069fb9e85
Brunno Ferreira,http://ufcstats.com/fighter-details/1e719d4b676dc19a
Jalin Turner,http://ufcstats.com/fighter-details/4d8fa64202cee4c1
Mansur Abdul-Malik,http://ufcstats.com/fighter-details/841695e02c99a521
Mairon Santos,http://ufcstats.com/fighter-details/480779d7f9a424d3
Arman Tsarukyan,http://ufcstats.com/fighter-details/eae48ff31db420c2
Ian Machado Garry,http://ufcstats.com/fighter-details/442c9011034ae1fd
Volkan Oezdemir,http://ufcstats.com/fighter-details/0845c81e37d3bcb3
Nicolas Dalby,http://ufcstats.com/fighter-details/9d19d9e4aa2662e8
Aleksandre Topuria,http://ufcstats.com/fighter-details/4a6dff1b260bcf61
Ismail Naurdiev,http://ufcstats.com/fighter-details/6a96ad1bc34fb113
Nurullo Aliev,http://ufcstats.com/fighter-details/ca28cdf526d6b6e9
Denzel Freeman,http://ufcstats.com/fighter-details/b5c19c34f12c917e
Islam Makhachev,http://ufcstats.com/fighter-details/275aca31f61ba28c
Valentina Shevchenko,http://ufcstats.com/fighter-details/132deb59abae64b1
Michael Morales,http://ufcstats.com/fighter-details/c32aeb1a59e6272d
Erin Blanchfield,http://ufcstats.com/fighter-details/669970f7feba8ecd
Kyle Daukaus,http://ufcstats.com/fighter-details/d6c0cdd7e467c440
Fatima Kline,http://ufcstats.com/fighter-details/745fa7b605f8e2da
Joseph Morales,http://ufcstats.com/fighter-details/2fe9032955c2e013
Jamall Emmers,http://ufcstats.com/fighter-details/e00a3dee329a51f7
Jacqueline Cavalcanti,http://ufcstats.com/fighter-details/e3964ece586e0635
Denise Gomes,http://ufcstats.com/fighter-details/cffb87059e645bd1
Daniel Marcos,http://ufcstats.com/fighter-details/850266b3dc4e506e
Zach Reese,http://ufcstats.com/fighter-details/23dec7c47cb418f8
Steve Garcia,http://ufcstats.com/fighter-details/97cf1a2c7c5e7889
Jeremiah Wells,http://ufcstats.com/fighter-details/d66a46de8d705353
Yadier del Valle,http://ufcstats.com/fighter-details/70380ccdc81915b8
Allan Nascimento,http://ufcstats.com/fighter-details/253076a23d03dcd0
Timmy Cuamba,http://ufcstats.com/fighter-details/0e46690e55a8df75
Norma Dumont,http://ufcstats.com/fighter-details/d3f5d33d61cd00c9
Seokhyeon Ko,http://ufcstats.com/fighter-details/4a07b1988477502c
Tom Aspinall,http://ufcstats.com/fighter-details/399afbabc02376b5
Mackenzie Dern,http://ufcstats.com/fighter-details/7447e9f28508106a
Azamat Murzakanov,http://ufcstats.com/fighter-details/e90a2f22417af68e
Ludovit Klein,http://ufcstats.com/fighter-details/5b86d491d63890c5
Valter Walker,http://ufcstats.com/fighter-details/f5779a2303ed76ec
Hamdy Abdelwahab,http://ufcstats.com/fighter-details/3329d692aea4dc28
Mizuki,http://ufcstats.com/fighter-details/43a59ce3bb40449e
Aiemann Zahabi,http://ufcstats.com/fighter-details/24656ef4d605c96f
Manon Fiorot,http://ufcstats.com/fighter-details/34ff304266360297
Kyle Nelson,http://ufcstats.com/fighter-details/31f8081c7600da93
Aoriqileng,http://ufcstats.com/fighter-details/7d420039bbfe7c1a
Bruno Silva,http://ufcstats.com/fighter-details/294aa73dbf37d281
Djorden Santos,http://ufcstats.com/fighter-details/312f7d7b2b2f7de4
Stephanie Luciano,http://ufcstats.com/fighter-details/1b35af4d1529adf6
Deiveson Figueiredo,http://ufcstats.com/fighter-details/aa72b0f831d0bfe5
Joel Alvarez,http://ufcstats.com/fighter-details/58bbef3770bb2dfc
Michael Aswell Jr.,http://ufcstats.com/fighter-details/01c9e4013afce141
Jafel Filho,http://ufcstats.com/fighter-details/65adf3856c4d9256
Lucas Rocha,http://ufcstats.com/fighter-details/e0d3d9b564f95635
Julia Polastri,http://ufcstats.com/fighter-details/abb68e3c7ca128f2
Luan Lacerda,http://ufcstats.com/fighter-details/6fc506e1099afe20
Alex Pereira,http://ufcstats.com/fighter-details/e5549c82bfb5582d
Merab Dvalishvili,http://ufcstats.com/fighter-details/c03520b5c88ed6b4
Jiri Prochazka,http://ufcstats.com/fighter-details/009341ed974bad72
Youssef Zalal,http://ufcstats.com/fighter-details/52c2ae6d2f2d2613
Daniel Santos,http://ufcstats.com/fighter-details/b67d6bacc68d4c92
Edmen Shahbazyan,http://ufcstats.com/fighter-details/4144798612ef96e5
Yana Santos,http://ufcstats.com/fighter-details/3143bf892608139a
Ramiz Brahimaj,http://ufcstats.com/fighter-details/3d074044a33825e7
Veronica Hardy,http://ufcstats.com/fighter-details/4798e823ada58fe9
Jimmy Crute,http://ufcstats.com/fighter-details/70e1f8a821b72c8b
Jack Jenkins,http://ufcstats.com/fighter-details/a9da3158dd2c2b5a
Neil Magny,http://ufcstats.com/fighter-details/84b3e7d38f2d2ec5
Jamie Mullarkey,http://ufcstats.com/fighter-details/af9f42e6894047fc
Kelvin Gastelum,http://ufcstats.com/fighter-details/8c0580d4fff106c1
Alexander Hernandez,http://ufcstats.com/fighter-details/262a7d06203657e6
Dusko Todorovic,http://ufcstats.com/fighter-details/866fd7b1a6c90e7f
Joaquim Silva,http://ufcstats.com/fighter-details/ae7fe94f117f98cf
Jesus Aguilar,http://ufcstats.com/fighter-details/c051c2e12d692b8a
Montse Rendon,http://ufcstats.com/fighter-details/60193e707634e560
Nassourdine Imavov,http://ufcstats.com/fighter-details/881bf86d4cba8578
Axel Sola,http://ufcstats.com/fighter-details/1d2d98ddd05b38fb
William Gomis,http://ufcstats.com/fighter-details/e1d40e8782d80bc2
Oumar Sy,http://ufcstats.com/fighter-details/46e2011d92463b7e
Ante Delija,http://ufcstats.com/fighter-details/7d8435c56043b0ae
Kaue Fernandes,http://ufcstats.com/fighter-details/ec13c393d029297d
Sam Patterson,http://ufcstats.com/fighter-details/8b6e5dc2ba1edbe7
Robert Bryczek,http://ufcstats.com/fighter-details/f96856f9d69fd7e4
Rinat Fakhretdinov,http://ufcstats.com/fighter-details/8f765fd5775a8873
Sam Hughes,http://ufcstats.com/fighter-details/e94085e821bd81de
Johnny Walker,http://ufcstats.com/fighter-details/c21f26bbde777573
Taiyilake Nueraji,http://ufcstats.com/fighter-details/7498b3ac79a3b948
Rongzhu,http://ufcstats.com/fighter-details/a13d755965a4ec9f
Yizha,http://ufcstats.com/fighter-details/3f11fd1751fa83b1
SuYoung You,http://ufcstats.com/fighter-details/a474aade8eb3a8f0
Uran Satybaldiev,http://ufcstats.com/fighter-details/02f484417a6fa69d
Bruna Brasil,http://ufcstats.com/fighter-details/7138a15258dabf20
Khamzat Chimaev,http://ufcstats.com/fighter-details/767755fd74662dbf
Lerone Murphy,http://ufcstats.com/fighter-details/396fe87b84ac2e1c
Tim Elliott,http://ufcstats.com/fighter-details/c96d9178c9ed9e62
Loopy Godinez,http://ufcstats.com/fighter-details/8e5d953bdb9ae5e7
Drakkar Klose,http://ufcstats.com/fighter-details/7cbf7c78d3b34218
Karine Silva,http://ufcstats.com/fighter-details/9d62c2d8ee151f08
Anthony Hernandez,http://ufcstats.com/fighter-details/093e1f5bb73850be
Iasmin Lucindo,http://ufcstats.com/fighter-details/abcf2cc6efc42031
Andre Fili,http://ufcstats.com/fighter-details/8fd808923cffff82
Julius Walker,http://ufcstats.com/fighter-details/6add18754930182b
Gabriella Fernandes,http://ufcstats.com/fighter-details/a6eb54ae17a551be
Esteban Ribovics,http://ufcstats.com/fighter-details/323d4ca260dfa0ba
Karol Rosa,http://ufcstats.com/fighter-details/351c4ec637380ad5
Rinya Nakamura,http://ufcstats.com/fighter-details/d8c811df0386d5e8
Rodolfo Vieira,http://ufcstats.com/fighter-details/260e9e0d4954aea6
Andrey Pulyaev,http://ufcstats.com/fighter-details/22e07d3da1aa3475
Austin Bashi,http://ufcstats.com/fighter-details/d3f89fa685bd8420
Rafael Estevam,http://ufcstats.com/fighter-details/83455a9d17f57dae
Reinier de Ridder,http://ufcstats.com/fighter-details/d549cefc7c54ab78
Bogdan Guskov,http://ufcstats.com/fighter-details/ef5dcb10d2bd4b0f
Muslim Salikhov,http://ufcstats.com/fighter-details/447f9858ae78f921
Tabatha Ricci,http://ufcstats.com/fighter-details/d25240135aee03e5
Steven Nguyen,http://ufcstats.com/fighter-details/69037fc7730e4225
Martin Buday,http://ufcstats.com/fighter-details/8eb046f83e82bf26
Max Holloway,http://ufcstats.com/fighter-details/150ff4cc642270b9
Daniel Rodriguez,http://ufcstats.com/fighter-details/8a1f3b5c526cd6e6
Patricio Pitbull,http://ufcstats.com/fighter-details/98a58c26c5b1ed17
Michael Johnson,http://ufcstats.com/fighter-details/511e82663651438d
Islam Dulatov,http://ufcstats.com/fighter-details/e803242fb2e41112
Derrick Lewis,http://ufcstats.com/fighter-details/d3df1add9d9a7efb
Morgan Charriere,http://ufcstats.com/fighter-details/5b03b61f9d90125e
Tuco Tokkos,http://ufcstats.com/fighter-details/3e8118c1ab52f211
Chris Curtis,http://ufcstats.com/fighter-details/5442f1bc4b47eaf3
Eduarda Moura,http://ufcstats.com/fighter-details/de594b35c45c2e9a
Mike Davis,http://ufcstats.com/fighter-details/fb3e61720be4690c
Ilia Topuria,http://ufcstats.com/fighter-details/54f64b5e283b0ce7
Alexandre Pantoja,http://ufcstats.com/fighter-details/a0f0004aadf10b71
Beneil Dariush,http://ufcstats.com/fighter-details/08af939f41b5a57b
Tracy Cortez,http://ufcstats.com/fighter-details/68d4a891e5cf2029
Jhonata Diniz,http://ufcstats.com/fighter-details/25f9a5f3e8a52618
Khalil Rountree Jr.,http://ufcstats.com/fighter-details/749f572d1d3161fb
Curtis Blaydes,http://ufcstats.com/fighter-details/fa6796c55d6c5440
Nazim Sadykhov,http://ufcstats.com/fighter-details/ff62013d2fce6d13
Muhammad Naimov,http://ufcstats.com/fighter-details/8d11d9c13e2ccdf7
JunYong Park,http://ufcstats.com/fighter-details/285ae0b4a68221f4
Daria Zhelezniakova,http://ufcstats.com/fighter-details/07047eb7d17fb0a2
Tagir Ulanbekov,http://ufcstats.com/fighter-details/f00ac08ab056af5d
Mohammed Usman,http://ufcstats.com/fighter-details/da7f113b5ea39c43
Kamaru Usman,http://ufcstats.com/fighter-details/f1b2aa7853d1ed6e
Rose Namajunas,http://ufcstats.com/fighter-details/47b63240018d5d86
Paul Craig,http://ufcstats.com/fighter-details/eabf206b162b3b83
Malcolm Wellmaker,http://ufcstats.com/fighter-details/2e45d08b3f2f02c8
Phil Rowe,http://ufcstats.com/fighter-details/8e382b585a92affe
Kayla Harrison,http://ufcstats.com/fighter-details/1af1170ed937cba7
Andreas Gustafsson,http://ufcstats.com/fighter-details/2caf993f53541fa1
JooSang Yoo,http://ufcstats.com/fighter-details/a44020ea2e8cd026
MarQuel Mederos,http://ufcstats.com/fighter-details/e2be0c1a9b886d92
Bolaji Oki,http://ufcstats.com/fighter-details/4bdedbdeedff7d1d
Gabe Green,http://ufcstats.com/fighter-details/5eb50529a8418b77
Jared Gordon,http://ufcstats.com/fighter-details/7026eca45f65377b
HyunSung Park,http://ufcstats.com/fighter-details/b671bdf981ad527d
Tecia Pennington,http://ufcstats.com/fighter-details/31ef8b67e13495b3
Jack Della Maddalena,http://ufcstats.com/fighter-details/6b453bc35a823c3f
Marc-Andre Barriault,http://ufcstats.com/fighter-details/8e9eb3fc86db0f7d
Bekzat Almakhan,http://ufcstats.com/fighter-details/a4dc0f2b95df4cc1
Cory Sandhagen,http://ufcstats.com/fighter-details/65f09bacd3957381
Montel Jackson,http://ufcstats.com/fighter-details/cc1a8b4b38b92c6d
Serhiy Sidey,http://ufcstats.com/fighter-details/1a2bf44edb8055b6
Azamat Bekoev,http://ufcstats.com/fighter-details/3bc3f60b21cddc6a
Quang Le,http://ufcstats.com/fighter-details/32feae6d9a1e5047
Juliana Miller,http://ufcstats.com/fighter-details/aa0c573da7119292
Zhang Mingyang,http://ufcstats.com/fighter-details/8a65fd9ba31fd3f7
David Onama,http://ufcstats.com/fighter-details/ffe9703408fb5964
Randy Brown,http://ufcstats.com/fighter-details/c6aee362c7a7d482
Matt Schnell,http://ufcstats.com/fighter-details/67c1d46f4ed16f9e
Evan Elder,http://ufcstats.com/fighter-details/d9a56ecb6e94f02e
Chris Gutierrez,http://ufcstats.com/fighter-details/45f0cc9d18f35137
Da'Mon Blackshear,http://ufcstats.com/fighter-details/da22387a0407a2dc
Paddy Pimblett,http://ufcstats.com/fighter-details/7826923b47f8d72a
Yair Rodriguez,http://ufcstats.com/fighter-details/cbf5e6f231b55443
Dan Ige,http://ufcstats.com/fighter-details/82a5152216251682
Chase Hooper,http://ufcstats.com/fighter-details/971246648e162f0d
Julian Erosa,http://ufcstats.com/fighter-details/902ec2cc48c8ae8a
Marco Tulio,http://ufcstats.com/fighter-details/9384e71bca6c409d
Nora Cornolle,http://ufcstats.com/fighter-details/f2b3f4ef3f780168
ChangHo Lee,http://ufcstats.com/fighter-details/117a06469813e4ef
Brad Tavares,http://ufcstats.com/fighter-details/0c6d9ea8306c029e
Torrez Finney,http://ufcstats.com/fighter-details/fbb60f24af5d5a02
Rhys McKee,http://ufcstats.com/fighter-details/f748267c4ab6c127
Loma Lookboonmee,http://ufcstats.com/fighter-details/4e30e4250cb08b61
Victor Henry,http://ufcstats.com/fighter-details/eb8d8c2a95cfccb8
Brandon Moreno,http://ufcstats.com/fighter-details/792be9a24df82ed6
Marcin Tybura,http://ufcstats.com/fighter-details/c9cf753cfdf77fc2
Shauna Bannon,http://ufcstats.com/fighter-details/9c442aaf149ea982
Caolan Loughran,http://ufcstats.com/fighter-details/42ac4020cba261ad
Roman Dolidze,http://ufcstats.com/fighter-details/327d5f279895110d
Chidi Njokuani,http://ufcstats.com/fighter-details/c68c68efaa5ca6ef
Brendson Ribeiro,http://ufcstats.com/fighter-details/49edd0d90f60fb7d
Carlos Vera,http://ufcstats.com/fighter-details/07f959e6596307bb
Andre Lima,http://ufcstats.com/fighter-details/b1f21ce050035d58
Priscila Cachoeira,http://ufcstats.com/fighter-details/b1e5bcaad32a3cac
Magomed Ankalaev,http://ufcstats.com/fighter-details/d802174b0c0c1f4e
Ignacio Bahamondes,http://ufcstats.com/fighter-details/e4a47b07044ddd72
Amanda Lemos,http://ufcstats.com/fighter-details/3df5493bb279226f
Ozzy Diaz,http://ufcstats.com/fighter-details/6967153c7edb4d87
Nasrat Haqparast,http://ufcstats.com/fighter-details/b7b84ccd221be298
Hyder Amil,http://ufcstats.com/fighter-details/41cc71cbf210e0fe
Chepe Mariscal,http://ufcstats.com/fighter-details/e0c6edcb5b5d0b90
Ramazan Temirov,http://ufcstats.com/fighter-details/7d0a1968b38ca439
Rob Font,http://ufcstats.com/fighter-details/05339613bf8e9808
Austin Vanderford,http://ufcstats.com/fighter-details/32c3ee378671a5d9
Jared Cannonier,http://ufcstats.com/fighter-details/13a0275fa13c4d26
Andre Petroski,http://ufcstats.com/fighter-details/5f61780fe5e9b6d0
Dricus Du Plessis,http://ufcstats.com/fighter-details/0d7b51c9d2649a6e
Zhang Weili,http://ufcstats.com/fighter-details/1ebe20ebbfa15e29
Gabriel Santos,http://ufcstats.com/fighter-details/f2f140ce7532e327
Shamil Gaziev,http://ufcstats.com/fighter-details/6747ccd6d1acd266
Bogdan Grad,http://ufcstats.com/fighter-details/fb37795db81f93f3
Jailton Almeida,http://ufcstats.com/fighter-details/41e83a89929d1327
Muin Gafurov,http://ufcstats.com/fighter-details/a54660deb6a8489c
Santiago Ponzinibbio,http://ufcstats.com/fighter-details/6d1bffff14897645
Cesar Almeida,http://ufcstats.com/fighter-details/64d47ef881a437a4
Felipe Bunes,http://ufcstats.com/fighter-details/53c10176e3bc7416
Thiago Moises,http://ufcstats.com/fighter-details/d945aae53e3e54e6
Ernesta Kareckaite,http://ufcstats.com/fighter-details/e4faa79383c9f214
Bruno Lopes,http://ufcstats.com/fighter-details/0abcf6bc47191219
Joaquin Buckley,http://ufcstats.com/fighter-details/b9437600497350f3
Sean Woodson,http://ufcstats.com/fighter-details/4682bc59d5f55145
Felipe Lima,http://ufcstats.com/fighter-details/9256f591b30c073e
Miranda Maverick,http://ufcstats.com/fighter-details/f29a6350c69f4a33
Shavkat Rakhmonov,http://ufcstats.com/fighter-details/01afe0916a40c7c5
Bryan Battle,http://ufcstats.com/fighter-details/f626118b6da0e020
Yan Xiaonan,http://ufcstats.com/fighter-details/c41d426cc7326d1b
DongHun Choi,http://ufcstats.com/fighter-details/3be16d817b36098b
Shi Ming,http://ufcstats.com/fighter-details/d683f4870742b273
Carlos Hernandez,http://ufcstats.com/fighter-details/798e48f9e7f6ba22
Xiao Long,http://ufcstats.com/fighter-details/86bace9e4ad85542
Nikolas Motta,http://ufcstats.com/fighter-details/37f560436d745c18
Jon Jones,http://ufcstats.com/fighter-details/07f72a2a7591b409
Viviane Araujo,http://ufcstats.com/fighter-details/36541f1e6c5d4955
Oban Elliott,http://ufcstats.com/fighter-details/6b56e94a59b7b134
Elizeu Zaleski dos Santos,http://ufcstats.com/fighter-details/8adcbd525fab8d9b
Melissa Mullins,http://ufcstats.com/fighter-details/bd532e9a2b93870c
Dustin Stoltzfus,http://ufcstats.com/fighter-details/71505842fb6455c3
Alexandr Romanov,http://ufcstats.com/fighter-details/c0badf3243907e59
Cody Gibson,http://ufcstats.com/fighter-details/700a674c042b7a96
Ibo Aslan,http://ufcstats.com/fighter-details/6e8f1bcdda94ff45
Geoff Neal,http://ufcstats.com/fighter-details/b997be68943010fc
Mateusz Rebecki,http://ufcstats.com/fighter-details/849c5d9979df5357
Cameron Smotherman,http://ufcstats.com/fighter-details/5c84f673b7bb7c15
Darren Elkins,http://ufcstats.com/fighter-details/92a9aa9c93192871
Elise Reed,http://ufcstats.com/fighter-details/ac7c765882f2c68c
Melissa Martinez,http://ufcstats.com/fighter-details/3f4c3bc822bea45d
Austen Lane,http://ufcstats.com/fighter-details/be9bdec19b7e9ffe
Brandon Royval,http://ufcstats.com/fighter-details/6e15f63b6c2e2c15
Themba Gorimbo,http://ufcstats.com/fighter-details/40f3cb27fc7305a1
Clayton Carpenter,http://ufcstats.com/fighter-details/b62d5280966b2460
Julianna Pena,http://ufcstats.com/fighter-details/3253b16d38ae087d
Court McGee,http://ufcstats.com/fighter-details/523fa774700d7d3f
Taylor Lapilus,http://ufcstats.com/fighter-details/8b1ed83b02303075
Daniel Barez,http://ufcstats.com/fighter-details/e8fe9c15d348e778
Ronaldo Rodriguez,http://ufcstats.com/fighter-details/f2900678e98f6d6a
Yanal Ashmouz,http://ufcstats.com/fighter-details/c739c2995a275314
Isaac Dulgarian,http://ufcstats.com/fighter-details/a57cb948c4c70a47
Nathan Fletcher,http://ufcstats.com/fighter-details/a2d342ffc83913ed
Ryan Loder,http://ufcstats.com/fighter-details/d5bab53a1a603aac
Gerald Meerschaert,http://ufcstats.com/fighter-details/6ac9bc2953c47345
Viacheslav Borshchev,http://ufcstats.com/fighter-details/19c591115a58982c
Kai Kara-France,http://ufcstats.com/fighter-details/853eb0dd5c0e2149
Dan Hooker,http://ufcstats.com/fighter-details/193b9d1858bc4df3
Jairzinho Rozenstruik,http://ufcstats.com/fighter-details/2cd428e9606856fd
Ricardo Ramos,http://ufcstats.com/fighter-details/1ae8f3c723aacff4
Song Kenan,http://ufcstats.com/fighter-details/32490e80ddab1e5a
Danny Barlow,http://ufcstats.com/fighter-details/b7c5eb7cdbac6a63
Toshiomi Kazama,http://ufcstats.com/fighter-details/148bb103cfbf123e
Guram Kutateladze,http://ufcstats.com/fighter-details/7772b283d288dbe2
Sedriques Dumas,http://ufcstats.com/fighter-details/4e6738062d469256
Belal Muhammad,http://ufcstats.com/fighter-details/b1b0729d27936f2f
Jake Hadley,http://ufcstats.com/fighter-details/60a42bf82447c919
Muhammad Mokaev,http://ufcstats.com/fighter-details/75353550928a7921
Mick Parkin,http://ufcstats.com/fighter-details/0d5cc0170c1a7e71
Kurt Holobaugh,http://ufcstats.com/fighter-details/a7151778b3381036
Trey Ogden,http://ufcstats.com/fighter-details/cfc3e7bb44685289
Luana Carolina,http://ufcstats.com/fighter-details/528b071cf3da7c56
Abdul Razak Alhassan,http://ufcstats.com/fighter-details/eae431e70064e046
Macy Chiasson,http://ufcstats.com/fighter-details/9cdd2da1a9104a0b
Robert Whittaker,http://ufcstats.com/fighter-details/e1147d3d2dabe1ce
Magomed Gadzhiyasulov,http://ufcstats.com/fighter-details/6e344b71421103da
Miles Johns,http://ufcstats.com/fighter-details/46e0d677f91bacc0
Lucas Almeida,http://ufcstats.com/fighter-details/710f0f8c5d5c9d41
Brady Hiestand,http://ufcstats.com/fighter-details/7af33fc4435017f1
Adam Fugitt,http://ufcstats.com/fighter-details/a01a62132460a98d
Nate Maness,http://ufcstats.com/fighter-details/6e9f40c706f91f32
Westin Wilson,http://ufcstats.com/fighter-details/7b3503352cd53abb
Josefine Knutsson,http://ufcstats.com/fighter-details/971dba22c622af12
Brad Katona,http://ufcstats.com/fighter-details/7b433309b0fd12aa
Montana De La Rosa,http://ufcstats.com/fighter-details/80d8aed0ca9b00f3
Puja Tomar,http://ufcstats.com/fighter-details/19f8a2f6eecd92ac
Niko Price,http://ufcstats.com/fighter-details/d8da10db80131bec
Bassil Hafez,http://ufcstats.com/fighter-details/f4d92416da98804b
Adrian Yanez,http://ufcstats.com/fighter-details/0232cabbc30a2372
Melissa Gatto,http://ufcstats.com/fighter-details/a4a80dd7336ffd59
Ariane Carnelossi,http://ufcstats.com/fighter-details/c0d5c0c95c59050b
Alatengheili,http://ufcstats.com/fighter-details/1897b7b913736a7c
Vanessa Demopoulos,http://ufcstats.com/fighter-details/2c483cf443f38ece
Diego Ferreira,http://ufcstats.com/fighter-details/f53d4f21d1b5f2dc
Trey Waters,http://ufcstats.com/fighter-details/31dbfbe4e7a6727c
Jose Aldo,http://ufcstats.com/fighter-details/d0f3959b4a9747e6
Anthony Smith,http://ufcstats.com/fighter-details/d4c9dcd330403612
Ismael Bonfim,http://ufcstats.com/fighter-details/eb393afdbe3293d5
Austin Hubbard,http://ufcstats.com/fighter-details/d2cd7a69cc55e7ed
Don'Tale Mayes,http://ufcstats.com/fighter-details/1a9480fc288e55d7
Ivana Petrovic,http://ufcstats.com/fighter-details/38c5817ade8a8014
Maheshate,http://ufcstats.com/fighter-details/8c1ca54b5089d199
Jessica Andrade,http://ufcstats.com/fighter-details/6a1901c62ab3870f
Damon Jackson,http://ufcstats.com/fighter-details/29af297d9f1de0f8
Charlie Campbell,http://ufcstats.com/fighter-details/b39f7a6c2be17ee8
Alex Morono,http://ufcstats.com/fighter-details/cdb96af67d096b1e
Lukasz Brzeski,http://ufcstats.com/fighter-details/0c25d0a5e8cdbf19
Victor Hugo,http://ufcstats.com/fighter-details/f264ba50b007f39e
Chris Weidman,http://ufcstats.com/fighter-details/3a8176e15b9887c1
Nate Landwehr,http://ufcstats.com/fighter-details/583ee11abddfc581
Julio Arce,http://ufcstats.com/fighter-details/1291edf2d566a71a
Dennis Buzukja,http://ufcstats.com/fighter-details/c4d039123e62f6a9
Karl Williams,http://ufcstats.com/fighter-details/d35f734c56a89103
Fernando Padilla,http://ufcstats.com/fighter-details/d2f43cfaf8ca3560
Jarno Errens,http://ufcstats.com/fighter-details/082eba4cd80f736f
Ovince Saint Preux,http://ufcstats.com/fighter-details/50db8711c70196cd
Chad Anheliger,http://ufcstats.com/fighter-details/c7c39e2fb70248b3
Dustin Poirier,http://ufcstats.com/fighter-details/029eaff01e6bb8f0
Kyler Phillips,http://ufcstats.com/fighter-details/60425d07ef4b91a7
Philipe Lins,http://ufcstats.com/fighter-details/53c943c873cffe90
Robelis Despaigne,http://ufcstats.com/fighter-details/140567899d98978a
Joanne Wood,http://ufcstats.com/fighter-details/12f91bfa8f1f723b
Loik Radzhabov,http://ufcstats.com/fighter-details/8c169fbe1ac33637
Brian Ortega,http://ufcstats.com/fighter-details/def8166ff24bd237
Daniel Zellhuber,http://ufcstats.com/fighter-details/4148802ae4a50768
Yazmin Jauregui,http://ufcstats.com/fighter-details/40cb680ae1cd331f
Felipe dos Santos,http://ufcstats.com/fighter-details/5cdf5339728f580d
Marcos Rogerio de Lima,http://ufcstats.com/fighter-details/ab943cd2c3c17825
Jack Hermansson,http://ufcstats.com/fighter-details/0a1942069c9ad6b6
Ihor Potieria,http://ufcstats.com/fighter-details/260bd4cef10b033f
Marcin Prachnio,http://ufcstats.com/fighter-details/6370c1c1e12723d5
Max Griffin,http://ufcstats.com/fighter-details/b0d6a1d8ac3d563d
Aliaskhab Khizriev,http://ufcstats.com/fighter-details/7ab478c397cd68ef
Molly McCann,http://ufcstats.com/fighter-details/51018a31ddf31eb2
JeongYeong Lee,http://ufcstats.com/fighter-details/d008d785f6347dc2
Jamal Pogues,http://ufcstats.com/fighter-details/f41b9f5efc7162d6
Raquel Pennington,http://ufcstats.com/fighter-details/fc169c387b4b465d
Garrett Armfield,http://ufcstats.com/fighter-details/1effd880e1f1bb30
Ramon Taveras,http://ufcstats.com/fighter-details/c5ccd878231c5407
Jimmy Flick,http://ufcstats.com/fighter-details/09e62c450e754913
Preston Parsons,http://ufcstats.com/fighter-details/9fe7af8b3fbe00a0
Leon Edwards,http://ufcstats.com/fighter-details/f1fac969a1d70b08
Josh Emmett,http://ufcstats.com/fighter-details/fba03cd6cc28dc41
Irene Aldana,http://ufcstats.com/fighter-details/578ef12674df1e6a
Ariane da Silva,http://ufcstats.com/fighter-details/6551c64fbcd1a467
Andre Muniz,http://ufcstats.com/fighter-details/886264a0c9f4ea5e
Kevin Jousset,http://ufcstats.com/fighter-details/dda15dbfafb792df
Miesha Tate,http://ufcstats.com/fighter-details/b96619b3acd7d9da
Jared Gooden,http://ufcstats.com/fighter-details/c730a0be691dc081
Amanda Ribas,http://ufcstats.com/fighter-details/beecb672a279223e
Jose Johnson,http://ufcstats.com/fighter-details/84f727cf0166d6f2
Jeka Saragih,http://ufcstats.com/fighter-details/57186c150c645200
Rodrigo Nascimento,http://ufcstats.com/fighter-details/d31a5546c0e9b213
Elves Brener,http://ufcstats.com/fighter-details/48a9a128784d53d1
Marc Diakiese,http://ufcstats.com/fighter-details/32c355b04fc57f3a
Said Nurmagomedov,http://ufcstats.com/fighter-details/0fd5f4b838e890cc
Trevor Peek,http://ufcstats.com/fighter-details/0bc697c5936a2d0a
Mike Breeden,http://ufcstats.com/fighter-details/d80ee110748171ac
Viktoriia Dudakova,http://ufcstats.com/fighter-details/6c9b66b43663f2f7
Edson Barboza,http://ufcstats.com/fighter-details/64a50dad704d1d49
Jonathan Martinez,http://ufcstats.com/fighter-details/f2477cf43c4975cc
Tainara Lisboa,http://ufcstats.com/fighter-details/2c5f5749569eef66
Emily Ducote,http://ufcstats.com/fighter-details/02f8fedc18cbd26c
Bill Algeo,http://ufcstats.com/fighter-details/9abc648e76c4493a
Karolina Kowalkiewicz,http://ufcstats.com/fighter-details/d7c3816669784109
Marina Rodriguez,http://ufcstats.com/fighter-details/cd2c4d30c6e13b47
Dan Argueta,http://ufcstats.com/fighter-details/e4ba58725825412d
Tim Means,http://ufcstats.com/fighter-details/4b47e71384a9522f
Justin Tafa,http://ufcstats.com/fighter-details/e13abac8089a801a
Tyson Pedro,http://ufcstats.com/fighter-details/49e96ff8ab781589
Gabriel Miranda,http://ufcstats.com/fighter-details/b909a9a9688b5284
Ange Loosa,http://ufcstats.com/fighter-details/1497e735d9f2560a
Giga Chikadze,http://ufcstats.com/fighter-details/9560ff14eb3129f7
Billy Ray Goff,http://ufcstats.com/fighter-details/fa07345cc9db5cc9
SeungWoo Choi,http://ufcstats.com/fighter-details/a68575214ecad140
Marlon Vera,http://ufcstats.com/fighter-details/7c7332319c14094c
AJ Dobson,http://ufcstats.com/fighter-details/009c4420727149ea
Josh Fremd,http://ufcstats.com/fighter-details/ca43de99b07b6b40
Tanner Boser,http://ufcstats.com/fighter-details/04c8b08b16a5b99e
Carlston Harris,http://ufcstats.com/fighter-details/a53d30163304aa6e
Billy Quarantillo,http://ufcstats.com/fighter-details/aa171d55d4b5208f
CJ Vergara,http://ufcstats.com/fighter-details/077e3ace32b72be9
Julija Stoliarenko,http://ufcstats.com/fighter-details/a78a87d8c2bbb1cb
Jonny Parsons,http://ufcstats.com/fighter-details/2975297f505e9447
Makhmud Muradov,http://ufcstats.com/fighter-details/ea7e5bc78d9de658
Holly Holm,http://ufcstats.com/fighter-details/634e2fb70bde3fd5
Francisco Prado,http://ufcstats.com/fighter-details/3920d0cc288f9b0d
Melsik Baghdasaryan,http://ufcstats.com/fighter-details/a52bc1e62cf0b7c6
Azat Maksum,http://ufcstats.com/fighter-details/7f1bf0c255ec8756
Alexander Munoz,http://ufcstats.com/fighter-details/f8f1ec513bcfef43
Robbie Lawler,http://ufcstats.com/fighter-details/f2925e6db404bf1d
Cameron Saaiman,http://ufcstats.com/fighter-details/3c8a5200436e19f3
Armen Petrosyan,http://ufcstats.com/fighter-details/369ea36e450ae62a
Kyung Ho Kang,http://ufcstats.com/fighter-details/a7897d200692ab64
Tereza Bleda,http://ufcstats.com/fighter-details/59c438c81fbf3ece
Amanda Nunes,http://ufcstats.com/fighter-details/80fa8218c99f9c58
Diana Belbita,http://ufcstats.com/fighter-details/d7e40dca3ae125be
Amir Albazi,http://ufcstats.com/fighter-details/6d35bf94f7d30241
Alex Caceres,http://ufcstats.com/fighter-details/7aa3d6964eff4877
Gilbert Urbina,http://ufcstats.com/fighter-details/b12fb759e02378de
Matt Brown,http://ufcstats.com/fighter-details/31123249b0bbf52e
Douglas Silva de Andrade,http://ufcstats.com/fighter-details/3a314d9fa7c6825d
Mandy Bohm,http://ufcstats.com/fighter-details/297a2b35444c245b
Matt Frevola,http://ufcstats.com/fighter-details/dccb63727f2f5f74
Parker Porter,http://ufcstats.com/fighter-details/ac40f7e3cbecdda4
Claudio Ribeiro,http://ufcstats.com/fighter-details/972c456ff38b2015
Irina Alekseeva,http://ufcstats.com/fighter-details/103e2e33a60683e1
Bruno Silva,http://ufcstats.com/fighter-details/12ebd7d157e91701
Christos Giagos,http://ufcstats.com/fighter-details/de45aaae23dfa392
Pedro Munhoz,http://ufcstats.com/fighter-details/6bd02119599741a4
Zak Cummings,http://ufcstats.com/fighter-details/4ba8d454f762005d
Israel Adesanya,http://ufcstats.com/fighter-details/1338e2c7480bdf9e
Gilbert Burns,http://ufcstats.com/fighter-details/23024fdfc966410a
Luana Pinheiro,http://ufcstats.com/fighter-details/a3a542074109b347
Albert Duraev,http://ufcstats.com/fighter-details/6b7c7460855dbbb9
Daniel Pineda,http://ufcstats.com/fighter-details/361d49960a196976
Lucas Alexander,http://ufcstats.com/fighter-details/11583163f45c7b31
Trevin Giles,http://ufcstats.com/fighter-details/b27a1fcb56a3035a
Victor Altamirano,http://ufcstats.com/fighter-details/dc7927cd622676a7
Gunnar Nelson,http://ufcstats.com/fighter-details/fd55393021a8c255
Jennifer Maia,http://ufcstats.com/fighter-details/8e1f36476ef02a6a
Marvin Vettori,http://ufcstats.com/fighter-details/7acbb0972e75281a
Jack Shore,http://ufcstats.com/fighter-details/b8a85389d115e35a
Augusto Sakai,http://ufcstats.com/fighter-details/441eacbe20e0e80b
Joe Solecki,http://ufcstats.com/fighter-details/af65aa688d13eedf
Zac Pauga,http://ufcstats.com/fighter-details/56f7d7ee06be4aab
Mayra Bueno Silva,http://ufcstats.com/fighter-details/cc8c623cca88f54f
AJ Fletcher,http://ufcstats.com/fighter-details/725b1abc9a39d873
Josh Culibao,http://ufcstats.com/fighter-details/6751eacd16bd59bc
Kleydson Rodrigues,http://ufcstats.com/fighter-details/102a8fdf8cbf7467
Blake Bilder,http://ufcstats.com/fighter-details/5095b0920a3602aa
Devin Clark,http://ufcstats.com/fighter-details/cc7040fe76f0ef91
Anshul Jubli,http://ufcstats.com/fighter-details/a72a2a769fa5a2be
Jamahal Hill,http://ufcstats.com/fighter-details/5444c5a201d3ee5a
Cody Stamann,http://ufcstats.com/fighter-details/bf7ad5628363eec9
Josiane Nunes,http://ufcstats.com/fighter-details/68d35296f566792b
Cory McKenna,http://ufcstats.com/fighter-details/3351aa64aa83c4d9
Matthew Semelsberger,http://ufcstats.com/fighter-details/4aa58269d0664b5b
Sergey Morozov,http://ufcstats.com/fighter-details/2f6a993c7f547c13
TJ Brown,http://ufcstats.com/fighter-details/d31cbcdd7d69536d
Stephen Thompson,http://ufcstats.com/fighter-details/4a28cb716c19157a
Rafael Dos Anjos,http://ufcstats.com/fighter-details/6a2f7c151031653d
Matheus Nicolau,http://ufcstats.com/fighter-details/1a31ef98efce7a79
Clay Guida,http://ufcstats.com/fighter-details/c47df9303d318c67
Jonathan Pearce,http://ufcstats.com/fighter-details/87c0b1c696ddfb43
Natan Levy,http://ufcstats.com/fighter-details/a29db9cd4f9ccea5
Ricky Turcios,http://ufcstats.com/fighter-details/cd3d7e37ff2d679c
Michael Trizano,http://ufcstats.com/fighter-details/5bf31a46becc1204
Shayilan Nuerdanbieke,http://ufcstats.com/fighter-details/0a73acff6325c1e2
Polyana Viana,http://ufcstats.com/fighter-details/9673a497a9da119a
Johnny Munoz,http://ufcstats.com/fighter-details/f6bcbd91b114ff58
Tamires Vidal,http://ufcstats.com/fighter-details/4f3064faf17aa711
Abubakar Nurmagomedov,http://ufcstats.com/fighter-details/029e1293e609fd74
Raphael Assuncao,http://ufcstats.com/fighter-details/2f13e4020cea5b38
Mana Martinez,http://ufcstats.com/fighter-details/c0386644627a7ee5
Pete Rodriguez,http://ufcstats.com/fighter-details/776d4262c4da38bf
Sodiq Yusuff,http://ufcstats.com/fighter-details/94426bb170c88115
Ilir Latifi,http://ufcstats.com/fighter-details/e9a3aeb207578eea
Guido Cannetti,http://ufcstats.com/fighter-details/d05412b513b19621
Nate Diaz,http://ufcstats.com/fighter-details/8355922d564b152c
Denis Tiuliulin,http://ufcstats.com/fighter-details/0112352cb32f5026
Chris Barnett,http://ufcstats.com/fighter-details/7a5e8c94a86f9895
Yohan Lainesse,http://ufcstats.com/fighter-details/f998f5c102250d6e
Stephanie Egger,http://ufcstats.com/fighter-details/5e6294b37bbef029
Lucie Pudilova,http://ufcstats.com/fighter-details/3cf66c62d9069f43
Nina Nunes,http://ufcstats.com/fighter-details/d343df8ba11f4c4e
Gabriel Benitez,http://ufcstats.com/fighter-details/436f970c9ea9169c
Tyson Nam,http://ufcstats.com/fighter-details/6e00cfffd54653c4
Josh Quinlan,http://ufcstats.com/fighter-details/876f478f796495f7
Nicolae Negumereanu,http://ufcstats.com/fighter-details/8c57c7b8c3bab0eb
Orion Cosce,http://ufcstats.com/fighter-details/2c010b26a3306969
Victoria Leonardo,http://ufcstats.com/fighter-details/9dedfdd91070ddd8
Li Jingliang,http://ufcstats.com/fighter-details/e64b96c07d7ce999
Shane Burgos,http://ufcstats.com/fighter-details/98d961097baaf308
Lauren Murphy,http://ufcstats.com/fighter-details/729d4bd5a6cd0a97
Chase Sherman,http://ufcstats.com/fighter-details/01b352b6a9074d5c
Antonina Shevchenko,http://ufcstats.com/fighter-details/d7338bcb141abd2c
Saidyokub Kakhramonov,http://ufcstats.com/fighter-details/50a28b9f8314e008
Bryan Barberena,http://ufcstats.com/fighter-details/a331233f597090a5
Josh Parisian,http://ufcstats.com/fighter-details/b5da8f7d05e85a55
Damir Ismagulov,http://ufcstats.com/fighter-details/135d124172a0bea3
Maria Oliveira,http://ufcstats.com/fighter-details/37d752ec41ed84bb
Phil Hawes,http://ufcstats.com/fighter-details/547afe1017e72dbe
Silvana Gomez Juarez,http://ufcstats.com/fighter-details/b4880ef2f838d4e1
Tony Gravely,http://ufcstats.com/fighter-details/601964f9654f911a
Jeff Molina,http://ufcstats.com/fighter-details/008ea710276c9606
Joseph Holmes,http://ufcstats.com/fighter-details/8d20d76af3f213ce
Katlyn Cerminara,http://ufcstats.com/fighter-details/e872e9a9a902c045
Carla Esparza,http://ufcstats.com/fighter-details/d910665038efc639
Michael Chandler,http://ufcstats.com/fighter-details/4b93a88f3b1de35b
Francisco Trinaldo,http://ufcstats.com/fighter-details/a8283a4f415e1eb9
Blagoy Ivanov,http://ufcstats.com/fighter-details/1788eee370f077b7
Andre Fialho,http://ufcstats.com/fighter-details/33efaf2d0941cfcf
Journey Newson,http://ufcstats.com/fighter-details/78f485f851891d68
Andrei Arlovski,http://ufcstats.com/fighter-details/3738e68d2261e60f
Krzysztof Jotko,http://ufcstats.com/fighter-details/4e06913c91da5200
Francisco Figueiredo,http://ufcstats.com/fighter-details/cdadae5363b66eef
Shanna Young,http://ufcstats.com/fighter-details/568bbad0eaced57c
Claudio Puelles,http://ufcstats.com/fighter-details/d747eb273a40a920
Sergey Khandozhko,http://ufcstats.com/fighter-details/90da09db03e41748
Mike Jackson,http://ufcstats.com/fighter-details/0641c21bec209472
Mounir Lazzez,http://ufcstats.com/fighter-details/49ee5024966efc0d
Pannie Kianzad,http://ufcstats.com/fighter-details/91dac5e69e28d5b5
Mark Madsen,http://ufcstats.com/fighter-details/da0995f19b749cfa
Aleksei Oleinik,http://ufcstats.com/fighter-details/98c23cb6da5b3352
Sara McMann,http://ufcstats.com/fighter-details/7be74a12d7352df2
Luis Saldana,http://ufcstats.com/fighter-details/12e0fdc606f7e274
Makwan Amirkhani,http://ufcstats.com/fighter-details/87a1dc546b1c5caf
Colby Covington,http://ufcstats.com/fighter-details/dc9572dd6ec74859
Maryna Moroz,http://ufcstats.com/fighter-details/b4192a975027aab6
Wellington Turman,http://ufcstats.com/fighter-details/4dcfb28c011c11b2
Chas Skelly,http://ufcstats.com/fighter-details/4bd6b4800070b069
Gloria de Paula,http://ufcstats.com/fighter-details/5dd180c8b3196786
Tai Tuivasa,http://ufcstats.com/fighter-details/c62fbc117d57b943
Ronnie Lawrence,http://ufcstats.com/fighter-details/e7e01e266a9d4342
Maxim Grishin,http://ufcstats.com/fighter-details/950d0ef5c17157c5
Nick Maximov,http://ufcstats.com/fighter-details/12585614e0ed2626
Hakeem Dawodu,http://ufcstats.com/fighter-details/2c9d00968f818270
Alexis Davis,http://ufcstats.com/fighter-details/4c2d90e335e6df19
Malcolm Gordon,http://ufcstats.com/fighter-details/dee294e9717012c2
Francis Ngannou,http://ufcstats.com/fighter-details/8d03ce87ca14e778
Calvin Kattar,http://ufcstats.com/fighter-details/751de04455cfaac0
Jake Collier,http://ufcstats.com/fighter-details/92fa1401b7927da3
Jamie Pickett,http://ufcstats.com/fighter-details/830f60497fab345a
Brian Kelleher,http://ufcstats.com/fighter-details/7be14eaed4c74856
Dominick Cruz,http://ufcstats.com/fighter-details/10f3ba6cd2f44a97
Ryan Hall,http://ufcstats.com/fighter-details/8866c6f509c19089
Tony Kelley,http://ufcstats.com/fighter-details/1a08b01fdabb6ae2
Cheyanne Vlismas,http://ufcstats.com/fighter-details/4959f10a62f3fec3
William Knight,http://ufcstats.com/fighter-details/5da33b8fbfa5ee95
Vince Morales,http://ufcstats.com/fighter-details/37098a6e6c27fb66
Taila Santos,http://ufcstats.com/fighter-details/f7467152fd9f18a2
Rani Yahya,http://ufcstats.com/fighter-details/94527830000ab715
Felicia Spencer,http://ufcstats.com/fighter-details/39d91e95949de3d9
Andrea Lee,http://ufcstats.com/fighter-details/05fa626cb33d15b8
Cortney Casey,http://ufcstats.com/fighter-details/5f179af5fffeb9f6
Rafael Alves,http://ufcstats.com/fighter-details/029afd138865d20a
Da Woon Jung,http://ufcstats.com/fighter-details/74f9448b97bf8bec
Glover Teixeira,http://ufcstats.com/fighter-details/7ff97850e8c32bda
Zubaira Tukhugov,http://ufcstats.com/fighter-details/aceffa19749c4dc0
Jessica-Rose Clark,http://ufcstats.com/fighter-details/6c8072b61c276e67
Randa Markos,http://ufcstats.com/fighter-details/4a57ebb14315b251
Danny Roberts,http://ufcstats.com/fighter-details/a6cba6bb66c1a8c9
Batgerel Danaa,http://ufcstats.com/fighter-details/3b0a516d2921e0d6
Mariya Agapova,http://ufcstats.com/fighter-details/a08ddd04eaffd81d
Thiago Santos,http://ufcstats.com/fighter-details/dea070ed4a2a8281
Alejandro Perez,http://ufcstats.com/fighter-details/80daefbed11ce998
Chris Daukaus,http://ufcstats.com/fighter-details/d0aaedcf7ccd0b45
Tafon Nchukwi,http://ufcstats.com/fighter-details/6aae253467e8f9ce
Gustavo Lopez,http://ufcstats.com/fighter-details/93b62c5f2ba18e51
Hannah Goldy,http://ufcstats.com/fighter-details/26e3f3928b1891d9
Derek Brunson,http://ufcstats.com/fighter-details/b1a3e0aca758b322
Vinc Pichel,http://ufcstats.com/fighter-details/c77a953488e5607d
Austin Lingo,http://ufcstats.com/fighter-details/305d73ede05e31ad
Jessica Penne,http://ufcstats.com/fighter-details/c742287ed86a09bc
Jason Witt,http://ufcstats.com/fighter-details/5f3805dda9661cba
Chris Gruetzemacher,http://ufcstats.com/fighter-details/feaf00f3373435d6
Danny Chavez,http://ufcstats.com/fighter-details/0de720c0f1d4ab9c
Jinh Yu Frey,http://ufcstats.com/fighter-details/d05cb1e8d1b885d8
Zarrukh Adashev,http://ufcstats.com/fighter-details/79cb2a690b9ba5e8
TJ Dillashaw,http://ufcstats.com/fighter-details/c849740a3ff51931
Raulian Paiva,http://ufcstats.com/fighter-details/82b4e942781b1046
Mickey Gall,http://ufcstats.com/fighter-details/9e50097a89442158
Sijara Eubanks,http://ufcstats.com/fighter-details/4234f0097c83fa62
Alan Baudot,http://ufcstats.com/fighter-details/c9a94278df042f46
Zhalgas Zhumagulov,http://ufcstats.com/fighter-details/55fa6ce3e522c8bb
Timur Valiev,http://ufcstats.com/fighter-details/45e738622ea2c02c
Julia Avila,http://ufcstats.com/fighter-details/86d9dbe1bfcbade7
Charles Rosa,http://ufcstats.com/fighter-details/40093d1d2d78394e
Damir Hadzovic,http://ufcstats.com/fighter-details/38c626ca912c7bac
Chan Sung Jung,http://ufcstats.com/fighter-details/c451d67c09c55418
Ricky Glenn,http://ufcstats.com/fighter-details/814ff3018127e8fc
Brad Riddell,http://ufcstats.com/fighter-details/37ed1ab2f8b819f4
Steven Peterson,http://ufcstats.com/fighter-details/b93c06d09d1c4ac0
Carlos Felipe,http://ufcstats.com/fighter-details/a2ea77e974c5889f
Kamuela Kirk,http://ufcstats.com/fighter-details/c7d7fda69ec410d3
Alan Patrick,http://ufcstats.com/fighter-details/cd7763bcadb5d4c8
Jared Vanderaa,http://ufcstats.com/fighter-details/2b68d9f125d07b42
Ben Rothwell,http://ufcstats.com/fighter-details/bd58d34e39b7b12a
David Dvorak,http://ufcstats.com/fighter-details/9ada30894bf04e19
Lando Vannata,http://ufcstats.com/fighter-details/f9b200db02b488d9
Jordan Wright,http://ufcstats.com/fighter-details/c878270af633eb11
Tucker Lutz,http://ufcstats.com/fighter-details/7832f2f62f04178f
Gregor Gillespie,http://ufcstats.com/fighter-details/84ff027394f7e470
Andreas Michailidis,http://ufcstats.com/fighter-details/79325a3c1a5c3bf4
Felipe Colares,http://ufcstats.com/fighter-details/dbac0a413af64bbe
Uriah Hall,http://ufcstats.com/fighter-details/65578a75fa7900e3
Dwight Grant,http://ufcstats.com/fighter-details/8be158ca1e5ea6a0
Kazula Vargas,http://ufcstats.com/fighter-details/ec18eb918121787c
Luis Pena,http://ufcstats.com/fighter-details/2844b047183a1adb
Julian Marquez,http://ufcstats.com/fighter-details/d0e1b42d41dab603
John Makdessi,http://ufcstats.com/fighter-details/c21a036b4e012f1c
Jarjis Danho,http://ufcstats.com/fighter-details/8614b7134913f5d5
Impa Kasanganay,http://ufcstats.com/fighter-details/257b0c8d6f199895
Omar Morales,http://ufcstats.com/fighter-details/a0e6753c42698f13
Montserrat Conejo Ruiz,http://ufcstats.com/fighter-details/1235b31de15d0c6e
Aleksandar Rakic,http://ufcstats.com/fighter-details/333b9e5c723ac873
Askar Askarov,http://ufcstats.com/fighter-details/b1d19449397541dc
Trevin Jones,http://ufcstats.com/fighter-details/ec23c1be628d8057
Darrick Minner,http://ufcstats.com/fighter-details/34e516ab361afb1c
Danilo Marques,http://ufcstats.com/fighter-details/687c15b2eddfaa63
Devonte Smith,http://ufcstats.com/fighter-details/207773daeb4afa7b
Lara Procopio,http://ufcstats.com/fighter-details/e99821959a840bb8
Warlley Alves,http://ufcstats.com/fighter-details/d317a5e2b3f88c5f
Ike Villanueva,http://ufcstats.com/fighter-details/f9d0cae37dabfafc
Omari Akhmedov,http://ufcstats.com/fighter-details/16690d100f995f8f
Dalcha Lungiambula,http://ufcstats.com/fighter-details/ce632027bf2a871b
Carlos Condit,http://ufcstats.com/fighter-details/f9f07bb5a43535ed
Alessio Di Chirico,http://ufcstats.com/fighter-details/77d7295d1b22c694
Ramazan Emeev,http://ufcstats.com/fighter-details/abd5fb12437eda21
Vanessa Melo,http://ufcstats.com/fighter-details/9b7dfb3b7d99926a
Anthony Pettis,http://ufcstats.com/fighter-details/cbb682f5fcc44bfc
Deron Winn,http://ufcstats.com/fighter-details/483a953b18d73bb3
Gavin Tucker,http://ufcstats.com/fighter-details/da816417a579a0bd
Louis Smolka,http://ufcstats.com/fighter-details/d2bc285ead803db0
Miguel Baeza,http://ufcstats.com/fighter-details/82d4c957649faf9b
Anderson Dos Santos,http://ufcstats.com/fighter-details/bbc9ab95fa766493
Gina Mazany,http://ufcstats.com/fighter-details/016a8d958883167c
Alan Jouban,http://ufcstats.com/fighter-details/cf65d56b0755ed3b
Sasha Palatnikov,http://ufcstats.com/fighter-details/a6c20202c701e5ca
Ashley Yoder,http://ufcstats.com/fighter-details/b4c6c904a9ffc5e8
Kanako Murata,http://ufcstats.com/fighter-details/e0b0cf71e0d69dd0
Greg Hardy,http://ufcstats.com/fighter-details/85073dbd1be65ed9
Khabib Nurmagomedov,http://ufcstats.com/fighter-details/032cc3922d871c7f
Casey Kenney,http://ufcstats.com/fighter-details/e7bba7ce4d6c7b07
James Krause,http://ufcstats.com/fighter-details/8f6a18831a120817
Tom Breese,http://ufcstats.com/fighter-details/1588b787bda7b540
Germaine de Randamie,http://ufcstats.com/fighter-details/1d239d571e342453
Luigi Vendramini,http://ufcstats.com/fighter-details/2f1a257d6777096d
Juan Espino,http://ufcstats.com/fighter-details/ccf5dc41417e9daf
Donald Cerrone,http://ufcstats.com/fighter-details/1d00756835ca67c9
Randy Costa,http://ufcstats.com/fighter-details/325ad0dd9126d3df
Andre Ewell,http://ufcstats.com/fighter-details/5f6f049d54728e88
Michelle Waterson-Gomez,http://ufcstats.com/fighter-details/eb04b9d31e938edb
Ottman Azaitar,http://ufcstats.com/fighter-details/ee18ff42063174df
Roxanne Modafferi,http://ufcstats.com/fighter-details/4498b382c65a7faa
Ed Herman,http://ufcstats.com/fighter-details/06f36cf4bd97ec77
Roosevelt Roberts,http://ufcstats.com/fighter-details/37c5366d18ed6c05
Sabina Mazo,http://ufcstats.com/fighter-details/70d2329a92864fdb
Alistair Overeem,http://ufcstats.com/fighter-details/b4ad3a06ee4d660c
Hunter Azure,http://ufcstats.com/fighter-details/2af2f2e26c4c0402
Ricardo Lamas,http://ufcstats.com/fighter-details/3974fa35c917af1d
Mallory Martin,http://ufcstats.com/fighter-details/19b7738321cfae42
Frankie Edgar,http://ufcstats.com/fighter-details/f2688492b9a525a3
Mike Rodriguez,http://ufcstats.com/fighter-details/18b602842a24f7c5
Shana Dobson,http://ufcstats.com/fighter-details/122ac9b816d8b71c
Stipe Miocic,http://ufcstats.com/fighter-details/d28dee5c705991df
Livinha Souza,http://ufcstats.com/fighter-details/dab8cfbb6b1db10a
Darren Stewart,http://ufcstats.com/fighter-details/a17ad5a5048e8c3f
Andrew Sanchez,http://ufcstats.com/fighter-details/fccf811c1e8b01c7
Irwin Rivera,http://ufcstats.com/fighter-details/06a80a685ea98573
Mauricio Rua,http://ufcstats.com/fighter-details/140745cbbcb023ac
Fabricio Werdum,http://ufcstats.com/fighter-details/492b202d2064e7a9
Alex Oliveira,http://ufcstats.com/fighter-details/57b10fca4f9c9a7a
Brett Johns,http://ufcstats.com/fighter-details/ec52462a1b41f714
Jimmie Rivera,http://ufcstats.com/fighter-details/9c907996820d2d69
Liana Jojua,http://ufcstats.com/fighter-details/eebc23626e38f5dc
Leonardo Santos,http://ufcstats.com/fighter-details/9c65736747ca92ec
Mike Perry,http://ufcstats.com/fighter-details/f2b6fdb20675b11c
Maurice Greene,http://ufcstats.com/fighter-details/068f8a189a47fea6
Takashi Sato,http://ufcstats.com/fighter-details/8abac218746e04ca
Khama Worthy,http://ufcstats.com/fighter-details/78e501478a36a018
Kay Hansen,http://ufcstats.com/fighter-details/4100c7a09497ad41
Justin Jaynes,http://ufcstats.com/fighter-details/304a21d0595e1a08
Cynthia Calvillo,http://ufcstats.com/fighter-details/98215d037be5bcb7
Jordan Espinosa,http://ufcstats.com/fighter-details/215a70f073a7b726
Christian Aguilera,http://ufcstats.com/fighter-details/ae071698e1a3ccd4
Ian Heinisch,http://ufcstats.com/fighter-details/2e585c701f72fe55
Maki Pitolo,http://ufcstats.com/fighter-details/c549573c0df4d676
Herbert Burns,http://ufcstats.com/fighter-details/4f140403000158b5
Claudia Gadelha,http://ufcstats.com/fighter-details/ec34349e7dffcde7
Henry Cejudo,http://ufcstats.com/fighter-details/056c493bbd76a918
Bea Malecki,http://ufcstats.com/fighter-details/b60c980f79b87ce8
Megan Anderson,http://ufcstats.com/fighter-details/a0e75f4a13eb73f1
Jordan Griffin,http://ufcstats.com/fighter-details/ebef46976554f975
Spike Carlyle,http://ufcstats.com/fighter-details/be68b375707dcb85
Diego Sanchez,http://ufcstats.com/fighter-details/82e7929bf6c2b689
Brok Weaver,http://ufcstats.com/fighter-details/7c9f96f9a6a5cd50
Ray Borg,http://ufcstats.com/fighter-details/a4de54ea806fb525
John Dodson,http://ufcstats.com/fighter-details/99506df1af6c8b3b
Scott Holtzman,http://ufcstats.com/fighter-details/df1eb4354d18a906
Domingo Pilarte,http://ufcstats.com/fighter-details/4bf6b225ff6099c4
Bevon Lewis,http://ufcstats.com/fighter-details/899923ff6ab13917
Justine Kish,http://ufcstats.com/fighter-details/928ae2e5b5f7a9ec
Conor McGregor,http://ufcstats.com/fighter-details/f4c49976c75c5ab2
Aleksa Camur,http://ufcstats.com/fighter-details/c2a670b22d2e196f
Marlon Moraes,http://ufcstats.com/fighter-details/fea79f9bc8c68769
Jessica Eye,http://ufcstats.com/fighter-details/f72465a784c1b084
Aspen Ladd,http://ufcstats.com/fighter-details/d4691518d012b9e7
Zabit Magomedsharipov,http://ufcstats.com/fighter-details/87aa9fb63d6b51a1
Anthony Rocco Martin,http://ufcstats.com/fighter-details/5331b25a60417ffb
Shamil Gamzatov,http://ufcstats.com/fighter-details/0d980975001ae3d8
Rustam Khabilov,http://ufcstats.com/fighter-details/9b7694d064a8a0ad
Karl Roberson,http://ufcstats.com/fighter-details/37d5b176d438d2a5
David Zawada,http://ufcstats.com/fighter-details/3bb2dc8e87b10a46
Jorge Masvidal,http://ufcstats.com/fighter-details/47b9e0e7703a4868
Darren Till,http://ufcstats.com/fighter-details/9ce6d5a03af801b7
Kevin Lee,http://ufcstats.com/fighter-details/ee9ebceabfd16fa7
Corey Anderson,http://ufcstats.com/fighter-details/5e4eec08896c9423
Lyman Good,http://ufcstats.com/fighter-details/4e0692ad070976e4
Demian Maia,http://ufcstats.com/fighter-details/427b5953ac8e3a27
Stevie Ray,http://ufcstats.com/fighter-details/31a13532e724ca2b
Raphael Pessoa,http://ufcstats.com/fighter-details/41f90012b86a11bf
Joe Lauzon,http://ufcstats.com/fighter-details/3bad7ef643840f67
Joanna Jedrzejczyk,http://ufcstats.com/fighter-details/3d6749c4267da18f
Dhiego Lima,http://ufcstats.com/fighter-details/e9213f53ddeca978
Yorgan De Castro,http://ufcstats.com/fighter-details/1eff7bc0f815b270
Callan Potter,http://ufcstats.com/fighter-details/8fc9ae9c7527dfcb
Ji Yeon Kim,http://ufcstats.com/fighter-details/a20f234df70f2182
Khalid Taha,http://ufcstats.com/fighter-details/b4537562f88ac582
John Phillips,http://ufcstats.com/fighter-details/e9ac7bfb65c25497
Lina Lansberg,http://ufcstats.com/fighter-details/2eeaefbfc7f9fcff
Jose Quinonez,http://ufcstats.com/fighter-details/36549928f90f1d36
Sergio Pettis,http://ufcstats.com/fighter-details/de75d1c45a39e221
Bethe Correia,http://ufcstats.com/fighter-details/673ea7dcc786b1b3
Todd Duffee,http://ufcstats.com/fighter-details/bda04c573563cc2e
Tristan Connelly,http://ufcstats.com/fighter-details/2ebfbe72ed703925
Misha Cirkunov,http://ufcstats.com/fighter-details/67f272324a030d00
Paul Felder,http://ufcstats.com/fighter-details/e5010b1b94ca5755
Sarah Moras,http://ufcstats.com/fighter-details/539ed332b3078821
Don Madge,http://ufcstats.com/fighter-details/68c7ad953455c73f
Hannah Cifers,http://ufcstats.com/fighter-details/2244d9a2b64b8c3b
Eduardo Garagorri,http://ufcstats.com/fighter-details/7bde387d50829adf
Enrique Barzola,http://ufcstats.com/fighter-details/be0b310a12eb80b4
Rogerio Bontorin,http://ufcstats.com/fighter-details/07a2bdaa0afdd831
Alex Da Silva,http://ufcstats.com/fighter-details/c3ded6f7155f9ea4
Claudio Silva,http://ufcstats.com/fighter-details/6f7c616b98e18c29
Miranda Granger,http://ufcstats.com/fighter-details/7559395ad833c074
Cristiane Justino,http://ufcstats.com/fighter-details/634bb0de2eb043b4
Erik Koch,http://ufcstats.com/fighter-details/99bd87a300079ed9
Walt Harris,http://ufcstats.com/fighter-details/03f982ca3735070c
Klidson Abreu,http://ufcstats.com/fighter-details/7279654c7674cd24
Urijah Faber,http://ufcstats.com/fighter-details/78114b7199cef90c
Brianna Fortino,http://ufcstats.com/fighter-details/b53c46f613f6f248
Benito Lopez,http://ufcstats.com/fighter-details/773f7feacf96153e
Chance Rencountre,http://ufcstats.com/fighter-details/1ddb480b601cefb1
Joseph Benavidez,http://ufcstats.com/fighter-details/80eacd4da0617c57
Tony Ferguson,http://ufcstats.com/fighter-details/22a92d7f62195791
Eddie Wineland,http://ufcstats.com/fighter-details/fc9a9559a05f2704
Daniel Teymur,http://ufcstats.com/fighter-details/fbf0537e420e698e
Frank Camacho,http://ufcstats.com/fighter-details/764342d39cdaa54a
Davi Ramos,http://ufcstats.com/fighter-details/0052de90691d4a93
Desmond Green,http://ufcstats.com/fighter-details/f046d724d2a84ac5
Laureano Staropoli,http://ufcstats.com/fighter-details/a12a8314adc1c1c9
Nordine Taleb,http://ufcstats.com/fighter-details/49858bf46dabf6fb
Matt Sayles,http://ufcstats.com/fighter-details/5b8ba8f5512893b1
Arjan Bhullar,http://ufcstats.com/fighter-details/7e511f8d842a109d
Cole Smith,http://ufcstats.com/fighter-details/56709e66f1c6008f
Sultan Aliev,http://ufcstats.com/fighter-details/e70de1859b7ee78e
Alexander Yakovlev,http://ufcstats.com/fighter-details/d06f8869449ba7bd
Shamil Abdurakhimov,http://ufcstats.com/fighter-details/2f5cbecbbe18bac4
Magomed Mustafaev,http://ufcstats.com/fighter-details/31d7446b184e3305
Poliana Botelho,http://ufcstats.com/fighter-details/5c126c6aac3ef364
Brandon Davis,http://ufcstats.com/fighter-details/cc351e408bbb7d43
Kevin Aguilar,http://ufcstats.com/fighter-details/cf946e03ba2e7666
Eric Nolan,http://ufcstats.com/fighter-details/64b12fe31be7560c
Theodor Berggren,http://ufcstats.com/fighter-details/feef5f8f5629e5e7
Jefferson Nascimento,http://ufcstats.com/fighter-details/4b85abc5abbe657c
Leon Shahbazyan,http://ufcstats.com/fighter-details/9eed2bcc9e0b92af
Otari Tanzilovi,http://ufcstats.com/fighter-details/b9124c308671e303
Yuneisy Duben,http://ufcstats.com/fighter-details/c3d2b9bcb4cead6b
YiSak Lee,http://ufcstats.com/fighter-details/e6666480a830f764
Ding Meng,http://ufcstats.com/fighter-details/e0664abaa023fd6f
Xiong Jingnan,http://ufcstats.com/fighter-details/2cdb479a0ef0ee1d
Zhu Kangjie,http://ufcstats.com/fighter-details/6f4ec5aa3eced219
Christian Edwards,http://ufcstats.com/fighter-details/f5d82eccdea4e2dd
Artur Minev,http://ufcstats.com/fighter-details/20d37922ba85e6fc
Jeremy Stephens,http://ufcstats.com/fighter-details/18968f97ad34f15c
Ollie Schmid,http://ufcstats.com/fighter-details/b701f095e6ccb149
Kevin Christian,http://ufcstats.com/fighter-details/7e9b36a9847db116
Ben Johnston,http://ufcstats.com/fighter-details/3261aa79bf6caa64
Adrian Luna Martinetti,http://ufcstats.com/fighter-details/e3b30b573e7f0d19
Marcus Buchecha,http://ufcstats.com/fighter-details/095854a135e6db55
Lucas Brennan,http://ufcstats.com/fighter-details/33a8708747b7f943
Mandel Nallo,http://ufcstats.com/fighter-details/8f4528c10bd34fab
Julien Leblanc,http://ufcstats.com/fighter-details/cd0dfd9846bd03b9
Mark Vologdin,http://ufcstats.com/fighter-details/0e6b611451a9a7d8
Jamie Siraj,http://ufcstats.com/fighter-details/e6679e38e7fab7a8
Manolo Zecchini,http://ufcstats.com/fighter-details/fd7ab338e4953644
Robert Ruchala,http://ufcstats.com/fighter-details/92aed9d16794f42b
Stewart Nicoll,http://ufcstats.com/fighter-details/2bd98ab77a8daa75
Hailey Cowan,http://ufcstats.com/fighter-details/3c26c420584d912d
Dakota Hope,http://ufcstats.com/fighter-details/6142edbd477d20c9
Kurtis Campbell,http://ufcstats.com/fighter-details/9d51798e61f2e0c7
Losene Keita,http://ufcstats.com/fighter-details/5b43d68174b6e2ab
Felipe Franco,http://ufcstats.com/fighter-details/e564146b9cf6dbef
Antonio Trocoli,http://ufcstats.com/fighter-details/6d48a2df51749d91
Shem Rock,http://ufcstats.com/fighter-details/52b6bf4528130e86
Ravena Oliveira,http://ufcstats.com/fighter-details/4948e412fa6ab67d
Harry Hardwick,http://ufcstats.com/fighter-details/2dbc60c52de126d8
Rafael Tobias,http://ufcstats.com/fighter-details/d6a8edb7410223a0
Luke Fernandez,http://ufcstats.com/fighter-details/d62e280d0f7b6d6f
Angel Pacheco,http://ufcstats.com/fighter-details/07797f10b9569cfc
Jose Daniel Medina,http://ufcstats.com/fighter-details/baa9be02c3e3e038
Kris Moutinho,http://ufcstats.com/fighter-details/9c27f3217891f3f0
Erik Silva,http://ufcstats.com/fighter-details/21b813b919776d90
Josiah Harrell,http://ufcstats.com/fighter-details/e5864a42c80294f6
Alibi Idiris,http://ufcstats.com/fighter-details/30cad5a751adcb48
Gianni Vazquez,http://ufcstats.com/fighter-details/51ec9dc3b4964f19
Sangwook Kim,http://ufcstats.com/fighter-details/a264d4e9a4d6bfe4
Sebastian Szalay,http://ufcstats.com/fighter-details/f201f21cf2c79eb2
Sulangrangbo,http://ufcstats.com/fighter-details/1dd1a3aacde66f72
Isaac Thomson,http://ufcstats.com/fighter-details/5d8006587d6a6711
Sean Sharaf,http://ufcstats.com/fighter-details/0f3a990526c5e706
Allen Frye Jr.,http://ufcstats.com/fighter-details/73a78713bd899f4c
Saygid Izagakhmaev,http://ufcstats.com/fighter-details/de26d906f2874dd4
Rafael Cerqueira,http://ufcstats.com/fighter-details/09a4447655fd4b7b
Marek Bujlo,http://ufcstats.com/fighter-details/ac0874309da489b9
Max Gimenis,http://ufcstats.com/fighter-details/6a311920edd73c85
Daniel Frunza,http://ufcstats.com/fighter-details/7cec3c4a5e7b6d68
Kyle Prepolec,http://ufcstats.com/fighter-details/873626e5547b5235
Saimon Oliveira,http://ufcstats.com/fighter-details/72ea1984c52019b5
Tre'ston Vines,http://ufcstats.com/fighter-details/563a1d42bb0e3cef
Patchy Mix,http://ufcstats.com/fighter-details/2cfba6c837c03ed0
Brogan Walker,http://ufcstats.com/fighter-details/4333a8e70a672eb7
Rolando Bedoya,http://ufcstats.com/fighter-details/40a456a25d52ee65
Josias Musasa,http://ufcstats.com/fighter-details/723b64c0e9a8f348
Elisha Ellison,http://ufcstats.com/fighter-details/87e4a3a5080ee7ce
Rodrigo Sezinando,http://ufcstats.com/fighter-details/c06d6b18862f9a53
Kiefer Crosbie,http://ufcstats.com/fighter-details/4729c93ba705a3bf
Terrance Saeteurn,http://ufcstats.com/fighter-details/a78f7a9135eb6249
Nick Klein,http://ufcstats.com/fighter-details/7eaa5e31c2dd86aa
Mohammad Yahya,http://ufcstats.com/fighter-details/3753714927f18437
Mitch Ramirez,http://ufcstats.com/fighter-details/e99eb0ef25885de5
Alvin Hines,http://ufcstats.com/fighter-details/ab2a4b5e04dc5fe9
Mark Choinski,http://ufcstats.com/fighter-details/001eb2ab0f30e7ea
Rayanne dos Santos,http://ufcstats.com/fighter-details/02bb48869eb7ac8f
Connor Matthews,http://ufcstats.com/fighter-details/36e78278a77006d4
Roberto Romero,http://ufcstats.com/fighter-details/15ea371202eb25e1
Cortavious Romious,http://ufcstats.com/fighter-details/8173f134396cb971
Istela Nunes,http://ufcstats.com/fighter-details/efc67b07eed39794
Pedro Falcao,http://ufcstats.com/fighter-details/f7be1db194e03d7e
Jordan Vucenic,http://ufcstats.com/fighter-details/6d38e41efa47a72d
AJ Cunningham,http://ufcstats.com/fighter-details/d1053e55f00e53fe
Dylan Budka,http://ufcstats.com/fighter-details/a817e238b2747404
Kron Gracie,http://ufcstats.com/fighter-details/242d36d241b43c12
Baergeng Jieleyisi,http://ufcstats.com/fighter-details/8677e67a75d65b8e
Kiru Sahota,http://ufcstats.com/fighter-details/296a120cb880477b
Feng Xiaocan,http://ufcstats.com/fighter-details/c940b42df95bbd28
James Llontop,http://ufcstats.com/fighter-details/93b2b7caa457cbea
Zachary Scroggin,http://ufcstats.com/fighter-details/03dee485905dbc9f
Caio Machado,http://ufcstats.com/fighter-details/89839250eb25c9c1
Brendon Marotte,http://ufcstats.com/fighter-details/d7fe8c6b7d2872e5
Zygimantas Ramaska,http://ufcstats.com/fighter-details/641ca2c2ed91b93c
Alex Reyes,http://ufcstats.com/fighter-details/dc07493a87dc0a6e
Charalampos Grigoriou,http://ufcstats.com/fighter-details/68b8ebdfce9dbb61
Kaynan Kruschewsky,http://ufcstats.com/fighter-details/ca36633b80be4a78
Yanis Ghemmouri,http://ufcstats.com/fighter-details/eb70e786bbdf1d16
Jesse Butler,http://ufcstats.com/fighter-details/a75a48bfe776b2c2
Vinicius Salvador,http://ufcstats.com/fighter-details/65cdf4ec31143d86
Victor Martinez,http://ufcstats.com/fighter-details/3e708ce33b6b18e6
Michal Figlak,http://ufcstats.com/fighter-details/b4c57a8c2b773e82
Marnic Mann,http://ufcstats.com/fighter-details/b6203e0492a9336c
Liang Na,http://ufcstats.com/fighter-details/ec0dcceace7d25a3
Anton Turkalj,http://ufcstats.com/fighter-details/82529ce93cd9a2cf
Luis Pajuelo,http://ufcstats.com/fighter-details/e530df53922f413e
Igor Severino,http://ufcstats.com/fighter-details/6ad8e4296f7522d9
Mateus Mendonca,http://ufcstats.com/fighter-details/48812daf291a4e23
Daniel Lacerda,http://ufcstats.com/fighter-details/31bb0772f21cabd8
Denys Bondar,http://ufcstats.com/fighter-details/2526be54e6a0e62a
Val Woodburn,http://ufcstats.com/fighter-details/7a47e068f8017019
Fernie Garcia,http://ufcstats.com/fighter-details/9e92e1ca498d7244
Landon Quinones,http://ufcstats.com/fighter-details/267f4a6568abe245
Shannon Ross,http://ufcstats.com/fighter-details/51c655162e462ceb
Nick Aguirre,http://ufcstats.com/fighter-details/0978385b2bd9ef9b
Abu Azaitar,http://ufcstats.com/fighter-details/46d0a888d87d91ac
Terrence Mitchell,http://ufcstats.com/fighter-details/f3ca6908f78efebe
Blood Diamond,http://ufcstats.com/fighter-details/9edf2c9082cc2cd8
Shane Young,http://ufcstats.com/fighter-details/4cd8b03aee1d0138
Zarah Fairn,http://ufcstats.com/fighter-details/862b0b3375aa4b6e
Yusaku Kinoshita,http://ufcstats.com/fighter-details/21b5c82c1b89dab1
JP Buys,http://ufcstats.com/fighter-details/0b362247806341e5
Genaro Valdez,http://ufcstats.com/fighter-details/cda1099995b46cc2
Carl Deaton,http://ufcstats.com/fighter-details/914a897455693650
Ashlee Evans-Smith,http://ufcstats.com/fighter-details/fc6e681bf6658faf
Nick Fiore,http://ufcstats.com/fighter-details/036e96c1c12b8a59
Braxton Smith,http://ufcstats.com/fighter-details/eaa9402e5a7990ad
Aaron Phillips,http://ufcstats.com/fighter-details/34c2b3656f88f7ef
Erick Gonzalez,http://ufcstats.com/fighter-details/a2ccf35a88346a91
Khusein Askhabov,http://ufcstats.com/fighter-details/5c10da56d712ac9c
Juancamilo Ronderos,http://ufcstats.com/fighter-details/4a043165cf47cab2
Don Shainis,http://ufcstats.com/fighter-details/da4628f173337902
SeungGuk Choi,http://ufcstats.com/fighter-details/adccbc19b22e19af
Jay Perrin,http://ufcstats.com/fighter-details/01fed6f61ebea01f
Steven Koslow,http://ufcstats.com/fighter-details/84512339473dd300
Marcelo Rojo,http://ufcstats.com/fighter-details/2804ce8dadab5770
Kevin Natividad,http://ufcstats.com/fighter-details/0c258d1d8e16e5f1
Liudvik Sholinian,http://ufcstats.com/fighter-details/1a54231796e24a3f
Carlos Candelario,http://ufcstats.com/fighter-details/760a55d5b6098cbe
Ramona Pascual,http://ufcstats.com/fighter-details/3eb4dc9a7d4ac906
Carlos Mota,http://ufcstats.com/fighter-details/b15862fcd6ded451
Joshua Weems,http://ufcstats.com/fighter-details/69888118d968ba52
Gadzhi Omargadzhiev,http://ufcstats.com/fighter-details/684d3aee255a3d09
Jesse Ronson,http://ufcstats.com/fighter-details/5580771f383e141f
Alen Amedovski,http://ufcstats.com/fighter-details/70fa1c64a2c439ef
Louis Cosce,http://ufcstats.com/fighter-details/afe8d5b39ff7fca2
Cameron VanCamp,http://ufcstats.com/fighter-details/87e2468b986ebb79
Danyelle Wolf,http://ufcstats.com/fighter-details/a7e3f02fe2b2fe30
Darian Weeks,http://ufcstats.com/fighter-details/326a001926ffb7ec
Luke Rockhold,http://ufcstats.com/fighter-details/00e11b5c8b7bfeeb
Wu Yanan,http://ufcstats.com/fighter-details/fdbefee0827e1567
Harry Hunsucker,http://ufcstats.com/fighter-details/f703250471acaf96
Charlie Ontiveros,http://ufcstats.com/fighter-details/318572f6f74b760d
Sam Alvey,http://ufcstats.com/fighter-details/d156513a19acf856
Alexander Gustafsson,http://ufcstats.com/fighter-details/3c6976f8182d9527
Askar Mozharov,http://ufcstats.com/fighter-details/e92901944ce91909
Felice Herrig,http://ufcstats.com/fighter-details/b6850671a008bf9a
Niklas Stolze,http://ufcstats.com/fighter-details/62f7097c04311193
Cameron Else,http://ufcstats.com/fighter-details/5f3da9a9610d8969
Dean Barry,http://ufcstats.com/fighter-details/a6f3d15cb84334bb
TJ Laramie,http://ufcstats.com/fighter-details/cd2e5a390821fb48
Brandon Jenkins,http://ufcstats.com/fighter-details/6a8928652fc01bee
Kevin Croom,http://ufcstats.com/fighter-details/35b3772629e27a49
Bruno Souza,http://ufcstats.com/fighter-details/0e5c4e72237461bb
Mike Grundy,http://ufcstats.com/fighter-details/56fcb2c4d99f9d1b
Micheal Gillmore,http://ufcstats.com/fighter-details/ce175eaafe867d1f
Mark Striegl,http://ufcstats.com/fighter-details/ef1182eb28c17d4e
Jesse Strader,http://ufcstats.com/fighter-details/8c39367b53eadf8a
Fabio Cherant,http://ufcstats.com/fighter-details/78a68f1dade6aaf7
Dakota Bush,http://ufcstats.com/fighter-details/3033c1c080672475
Sean Soriano,http://ufcstats.com/fighter-details/bd5403efbaa445c0
Leah Letson,http://ufcstats.com/fighter-details/8cb78f3a6c2a08f7
Collin Anglin,http://ufcstats.com/fighter-details/047a91d3d9c79b05
Al Iaquinta,http://ufcstats.com/fighter-details/59279a7c978f7da0
Jordan Williams,http://ufcstats.com/fighter-details/e26bd53b751d61d9
Gian Villante,http://ufcstats.com/fighter-details/fcd448a2fe1a23cc
John Allan,http://ufcstats.com/fighter-details/6ebe96a116e79e52
Hu Yaozong,http://ufcstats.com/fighter-details/f1175ea3aafbf351
Zviad Lazishvili,http://ufcstats.com/fighter-details/41498c2d1a87b154
Gaetano Pirrello,http://ufcstats.com/fighter-details/8765559b6a29a421
Johnny Eduardo,http://ufcstats.com/fighter-details/528c24b99fbaab79
Nick Diaz,http://ufcstats.com/fighter-details/f57a8a52ca401ed9
Martin Sano,http://ufcstats.com/fighter-details/16a64f93f6678b7b
Antonio Arroyo,http://ufcstats.com/fighter-details/61fb8098ccf81c7f
Sarah Alpar,http://ufcstats.com/fighter-details/49b130de1da2e1bf
Emily Whitmire,http://ufcstats.com/fighter-details/b3d21b2610dcfaeb
Drako Rodriguez,http://ufcstats.com/fighter-details/dc3b9cf7641b7ab6
Jamey Simmons,http://ufcstats.com/fighter-details/f0fad0e9f3b65752
Ryan Benoit,http://ufcstats.com/fighter-details/20999e27ddd94bda
Marion Reneau,http://ufcstats.com/fighter-details/c7d297714d9ab1a4
Jerome Rivera,http://ufcstats.com/fighter-details/c9587d81e1d33925
Michel Prazeres,http://ufcstats.com/fighter-details/e51fcd9cd84c0b93
Yancy Medeiros,http://ufcstats.com/fighter-details/813550bc53b15fb0
Roque Martinez,http://ufcstats.com/fighter-details/2c5a0b8317f8f27a
Victor Rodriguez,http://ufcstats.com/fighter-details/f6e5972c9d16c40e
Jacare Souza,http://ufcstats.com/fighter-details/7a703c565ccaa18f
KB Bhullar,http://ufcstats.com/fighter-details/9cd047a828dd7515
Luke Sanders,http://ufcstats.com/fighter-details/96428b9e9bd048ea
Stefan Sekulic,http://ufcstats.com/fighter-details/348dff4e03bd18c6
Bartosz Fabinski,http://ufcstats.com/fighter-details/e17ac6410c8377f4
Anthony Birchak,http://ufcstats.com/fighter-details/c5a126ace82a6025
Tyron Woodley,http://ufcstats.com/fighter-details/effd9de9937996f8
Thomas Almeida,http://ufcstats.com/fighter-details/2b074403b7c6cdb4
Ray Rodriguez,http://ufcstats.com/fighter-details/90e0985df05e51bc
Aalon Cruz,http://ufcstats.com/fighter-details/003d82fa384ca1d0
Vince Cachero,http://ufcstats.com/fighter-details/ed2a8cc402173781
Martin Day,http://ufcstats.com/fighter-details/ea3dcc417c322064
Antonio Carlos Junior,http://ufcstats.com/fighter-details/52e76bb4b3e852f3
Nik Lentz,http://ufcstats.com/fighter-details/6fb1ba67bef41b37
Vinicius Moreira,http://ufcstats.com/fighter-details/acb36c908d415c4a
Markus Perez,http://ufcstats.com/fighter-details/2ac4628c08ec5125
Jacob Kilburn,http://ufcstats.com/fighter-details/637bd06c32219f0b
Carlton Minus,http://ufcstats.com/fighter-details/40d8b74488743800
Junior Dos Santos,http://ufcstats.com/fighter-details/63def5a5662a6917
Peter Barrett,http://ufcstats.com/fighter-details/d21113c9ff3788ae
Matt Wiman,http://ufcstats.com/fighter-details/eb29176b03dfa888
Rachael Ostovich,http://ufcstats.com/fighter-details/01784fbc27c68b14
Geraldo de Freitas,http://ufcstats.com/fighter-details/9cfbfae5fa1fdd93
Anderson Silva,http://ufcstats.com/fighter-details/1f454354805b6f75
Jack Marshman,http://ufcstats.com/fighter-details/045f25b3a4c08e81
Cole Williams,http://ufcstats.com/fighter-details/f9a20a17d712ef7c
Justin Ledet,http://ufcstats.com/fighter-details/ba1e6cb3d43f7430
Liliya Shakirova,http://ufcstats.com/fighter-details/f300763147320d12
Stefan Struve,http://ufcstats.com/fighter-details/ebc1f40e00e0c481
Gadzhimurad Antigulov,http://ufcstats.com/fighter-details/af997f7611673880
Ali AlQaisi,http://ufcstats.com/fighter-details/e87a13e02c01331d
Dequan Townsend,http://ufcstats.com/fighter-details/3f7dab21b6c971bc
Jessin Ayari,http://ufcstats.com/fighter-details/6eaec40f724852f4
Jeff Hughes,http://ufcstats.com/fighter-details/6a11e325aa60ad02
Khadis Ibragimov,http://ufcstats.com/fighter-details/c3218c810959d279
Mirsad Bektic,http://ufcstats.com/fighter-details/cbd3e590a85b18c5
Mara Romero Borella,http://ufcstats.com/fighter-details/82cbb809d5ee565c
Anthony Ivy,http://ufcstats.com/fighter-details/3c5005b66696d790
Zelim Imadaev,http://ufcstats.com/fighter-details/7f0f171414d0a287
Austin Springer,http://ufcstats.com/fighter-details/37cc294027f55e4d
Daniel Cormier,http://ufcstats.com/fighter-details/d967f0128c323de6
Frankie Saenz,http://ufcstats.com/fighter-details/9ba2226646046b63
Rogerio Nogueira,http://ufcstats.com/fighter-details/73e09f837f3b5ecc
Peter Sobotta,http://ufcstats.com/fighter-details/1fcfc3709fe58151
Nad Narimani,http://ufcstats.com/fighter-details/776a58a67665a171
Joe Duffy,http://ufcstats.com/fighter-details/654ae722109a0d31
Chris Fishgold,http://ufcstats.com/fighter-details/bebb4ae55ac2bf6f
Paige VanZant,http://ufcstats.com/fighter-details/4d5197f331c47290
Danny Henry,http://ufcstats.com/fighter-details/f7d73e452b064bf2
Roman Bogatov,http://ufcstats.com/fighter-details/d61316139d68dbe3
Oskar Piechota,http://ufcstats.com/fighter-details/1cf7ccf64a5bf24e
Max Rohskopf,http://ufcstats.com/fighter-details/59a27d2e6d0802ac
Mark De La Rosa,http://ufcstats.com/fighter-details/f57dd0bfa8c17813
Charles Byrd,http://ufcstats.com/fighter-details/76ee3d666c648f6b
Jussier Formiga,http://ufcstats.com/fighter-details/b102c26727306ab6
Evan Dunham,http://ufcstats.com/fighter-details/e5c9de15bb58b1c6
Aleksei Kunchenko,http://ufcstats.com/fighter-details/e2ccd9a9ace60de7
Yoel Romero,http://ufcstats.com/fighter-details/f77c68bb4be8516d
Saparbeg Safarov,http://ufcstats.com/fighter-details/88d7b6d8230e1f3f
Gabriel Silva,http://ufcstats.com/fighter-details/002ca196477ce572
Ben Sosoli,http://ufcstats.com/fighter-details/326f94d6cfb1bf25
Emil Meek,http://ufcstats.com/fighter-details/103b06d8707895a9
Juan Adams,http://ufcstats.com/fighter-details/83b00f7597e5ac83
Darko Stosic,http://ufcstats.com/fighter-details/025f0b1b58fbad01
Pingyuan Liu,http://ufcstats.com/fighter-details/31bbd39c0a075d4e
Suman Mokhtarian,http://ufcstats.com/fighter-details/192520689012c7e4
Dong Hyun Ma,http://ufcstats.com/fighter-details/98a6b2361045898f
Ben Saunders,http://ufcstats.com/fighter-details/484acc7b0f856ce9
Thiago Alves,http://ufcstats.com/fighter-details/31ee470ef5dc8d7f
Trevor Smith,http://ufcstats.com/fighter-details/f797f0c57a83353e
Sergio Moraes,http://ufcstats.com/fighter-details/1bcaac2d99b90fce
Renan Barao,http://ufcstats.com/fighter-details/2c99576fefe53c7c
Isabela de Padua,http://ufcstats.com/fighter-details/e0f959f65d0406b4
Grigory Popov,http://ufcstats.com/fighter-details/d3fa5c5955397532
Ben Askren,http://ufcstats.com/fighter-details/0b31f87be71ebbb1
Alex White,http://ufcstats.com/fighter-details/c17041f1bb5768d8
Aleksandra Albu,http://ufcstats.com/fighter-details/e76d9f656ceb82ab
Manny Bermudez,http://ufcstats.com/fighter-details/2dc1bc1a02961656
Kyle Bochniak,http://ufcstats.com/fighter-details/c5af5750e8bae4f0
Boston Salmon,http://ufcstats.com/fighter-details/98e946879ba20c0f
Daniel Spitz,http://ufcstats.com/fighter-details/f86cb5f25d545e0e
James Vick,http://ufcstats.com/fighter-details/6256b2b1562cb8e1
Thomas Gifford,http://ufcstats.com/fighter-details/e7f51d9f9e9259e7
Hector Aldana,http://ufcstats.com/fighter-details/c487223b0289bda9
Lauren Mueller,http://ufcstats.com/fighter-details/f923e012414c883e
Luke Jumeau,http://ufcstats.com/fighter-details/4c288a2b250bb576
Rostem Akman,http://ufcstats.com/fighter-details/1fc64507a0cb38cf
Nadia Kassem,http://ufcstats.com/fighter-details/6e7506127408aa9e
Danilo Belluardo,http://ufcstats.com/fighter-details/c3f6db17cea09ca7
Siyar Bahadurzada,http://ufcstats.com/fighter-details/aec185309b4843d0
Nohelin Hernandez,http://ufcstats.com/fighter-details/f97c5433c77522d3
Martin Bravo,http://ufcstats.com/fighter-details/9c44f290f5726d95
Carlos Huachin,http://ufcstats.com/fighter-details/225def29ecfe0fc1
Marco Polo Reyes,http://ufcstats.com/fighter-details/edd02825c29028fe
Marcos Mariano,http://ufcstats.com/fighter-details/72e5e5a6edfa8223
Ryan MacDonald,http://ufcstats.com/fighter-details/35e1f9984ed64206
Mairbek Taisumov,http://ufcstats.com/fighter-details/8f5c8850b2484173
Teemu Packalen,http://ufcstats.com/fighter-details/8f4eeaf7a0df7c1a
Derrick Krantz,http://ufcstats.com/fighter-details/714e1e0681ddb703
Andre Soukhamthath,http://ufcstats.com/fighter-details/d0e50a3d1b250708
Jodie Esquibel,http://ufcstats.com/fighter-details/411539901068522f
Liz Carmouche,http://ufcstats.com/fighter-details/51a0c09cbe9b8472
Humberto Bandenay,http://ufcstats.com/fighter-details/2c2caf2f2bab9df5
Bobby Moffett,http://ufcstats.com/fighter-details/d76ad9a08c4408ff
Salim Touahri,http://ufcstats.com/fighter-details/cbf1c7ba5408a66f
Olivier Aubin-Mercier,http://ufcstats.com/fighter-details/55ee431411ccf07a
Yoshinori Horie,http://ufcstats.com/fighter-details/3fa7688bfe48a493
Sarah Frota,http://ufcstats.com/fighter-details/1641ef250e9de19b
Kyle Stewart,http://ufcstats.com/fighter-details/bb61823f76361297
Jin Soo Son,http://ufcstats.com/fighter-details/7c9c6a884be167fe
Cezar Ferreira,http://ufcstats.com/fighter-details/dbc17725b887860a
Sheymon Moraes,http://ufcstats.com/fighter-details/0d62719b1dcf7c40
Nicco Montano,http://ufcstats.com/fighter-details/1de9ad94de18eeaf
Gilbert Melendez,http://ufcstats.com/fighter-details/aa5b4eff51bdc7d1
Dan Moret,http://ufcstats.com/fighter-details/66e98b3bb5fc5250
Junior Albini,http://ufcstats.com/fighter-details/c482c8605455a213
Syuri Kondo,http://ufcstats.com/fighter-details/a851c35f58199231
Allen Crowder,http://ufcstats.com/fighter-details/a9d6e047ce48ab63
Eric Spicely,http://ufcstats.com/fighter-details/b9664eae2ac75262
Jimi Manuwa,http://ufcstats.com/fighter-details/1e1dbd1cc5a7469e
Sung Bin Jo,http://ufcstats.com/fighter-details/6e0e977beb909837
Tonya Evinger,http://ufcstats.com/fighter-details/b12a1d19ee383b7c
Nick Hein,http://ufcstats.com/fighter-details/2816ced060a21be3
Duda Santana,http://ufcstats.com/fighter-details/d6ead04919a894b1
Patrick Cummins,http://ufcstats.com/fighter-details/e51e5cb722bd47a8
BJ Penn,http://ufcstats.com/fighter-details/73c7cfa551289285
Talita Bernardo,http://ufcstats.com/fighter-details/5b2325cd70dbe2ea
Elias Theodorou,http://ufcstats.com/fighter-details/34f88592c0ab7a54
Mitch Gagnon,http://ufcstats.com/fighter-details/b8592b4a383696cd
Dmitrii Smoliakov,http://ufcstats.com/fighter-details/75afb06215a07341
John Lineker,http://ufcstats.com/fighter-details/c268b2cfebccf652
Jason Gonzalez,http://ufcstats.com/fighter-details/e45cfa47f504033a
Marcelo Golm,http://ufcstats.com/fighter-details/ac29d508d78384c9
Keita Nakamura,http://ufcstats.com/fighter-details/65ddc8a9ac4e8531
Wilson Reis,http://ufcstats.com/fighter-details/5aedf14771ca82d2
Curtis Millender,http://ufcstats.com/fighter-details/f1928a52590c5532
David Branch,http://ufcstats.com/fighter-details/d2c55d1d2e67773b
Jessica Aguilar,http://ufcstats.com/fighter-details/8f382b3baa954d2a
Ross Pearson,http://ufcstats.com/fighter-details/4f732e58ed907eff
